
[WATCHDOG] Auto restart at 2026-06-06 13:07:08.544441

[HOST] Auto install checking...
[HOST] Auto install done.

[HOST] Starting x_auto_forward.py at 2026-06-06 13:07:12.191418
2026-06-06 13:07:20,992 | INFO     | XAutoForwardBot — 🚀 Starting X Auto Forward Bot…
/opt/render/project/src/data/projects/ADMIN/911cbdc5/x_auto_forward.py:749: PTBUserWarning: If 'per_message=False', 'CallbackQueryHandler' will not be tracked for every message. Read this FAQ entry to learn more about the per_* settings: https://github.com/python-telegram-bot/python-telegram-bot/wiki/Frequently-Asked-Questions#what-do-the-per_-settings-in-conversationhandler-do.
  conv = ConversationHandler(
2026-06-06 13:07:24,890 | INFO     | httpx — HTTP Request: POST https://api.telegram.org/bot8966684570:AAEIuVKN_pazun6mSAMHnOKREtn3ZfcaD3c/getMe "HTTP/1.1 401 Unauthorized"
2026-06-06 13:07:24,891 | ERROR    | telegram.ext — Network Retry Loop (Bootstrap Initialize Application): Invalid token. Aborting retry loop.
Traceback (most recent call last):
  File "/opt/render/project/src/.venv/lib/python3.14/site-packages/telegram/_bot.py", line 857, in initialize
    await self.get_me()
  File "/opt/render/project/src/.venv/lib/python3.14/site-packages/telegram/ext/_extbot.py", line 2008, in get_me
    return await super().get_me(
           ^^^^^^^^^^^^^^^^^^^^^
    ...<5 lines>...
    )
    ^
  File "/opt/render/project/src/.venv/lib/python3.14/site-packages/telegram/_bot.py", line 990, in get_me
    result = await self._post(
             ^^^^^^^^^^^^^^^^^
    ...<6 lines>...
    )
    ^
  File "/opt/render/project/src/.venv/lib/python3.14/site-packages/telegram/_bot.py", line 704, in _post
    return await self._do_post(
           ^^^^^^^^^^^^^^^^^^^^
    ...<6 lines>...
    )
    ^
  File "/opt/render/project/src/.venv/lib/python3.14/site-packages/telegram/ext/_extbot.py", line 370, in _do_post
    return await super()._do_post(
           ^^^^^^^^^^^^^^^^^^^^^^^
    ...<6 lines>...
    )
    ^
  File "/opt/render/project/src/.venv/lib/python3.14/site-packages/telegram/_bot.py", line 733, in _do_post
    result = await request.post(
             ^^^^^^^^^^^^^^^^^^^
    ...<6 lines>...
    )
    ^
  File "/opt/render/project/src/.venv/lib/python3.14/site-packages/telegram/request/_baserequest.py", line 198, in post
    result = await self._request_wrapper(
             ^^^^^^^^^^^^^^^^^^^^^^^^^^^^
    ...<7 lines>...
    )
    ^
  File "/opt/render/project/src/.venv/lib/python3.14/site-packages/telegram/request/_baserequest.py", line 375, in _request_wrapper
    raise exception
telegram.error.InvalidToken: Unauthorized

The above exception was the direct cause of the following exception:

Traceback (most recent call last):
  File "/opt/render/project/src/.venv/lib/python3.14/site-packages/telegram/ext/_utils/networkloop.py", line 161, in network_retry_loop
    await do_action()
  File "/opt/render/project/src/.venv/lib/python3.14/site-packages/telegram/ext/_utils/networkloop.py", line 136, in do_action
    await action_cb()
  File "/opt/render/project/src/.venv/lib/python3.14/site-packages/telegram/ext/_application.py", line 489, in initialize
    await self.bot.initialize()
  File "/opt/render/project/src/.venv/lib/python3.14/site-packages/telegram/ext/_extbot.py", line 316, in initialize
    await super().initialize()
  File "/opt/render/project/src/.venv/lib/python3.14/site-packages/telegram/_bot.py", line 860, in initialize
    raise InvalidToken(f"The token `{self._token}` was rejected by the server.") from exc
telegram.error.InvalidToken: The token `8966684570:AAEIuVKN_pazun6mSAMHnOKREtn3ZfcaD3c` was rejected by the server.
Traceback (most recent call last):
  File "/opt/render/project/src/.venv/lib/python3.14/site-packages/telegram/_bot.py", line 857, in initialize
    await self.get_me()
  File "/opt/render/project/src/.venv/lib/python3.14/site-packages/telegram/ext/_extbot.py", line 2008, in get_me
    return await super().get_me(
           ^^^^^^^^^^^^^^^^^^^^^
    ...<5 lines>...
    )
    ^
  File "/opt/render/project/src/.venv/lib/python3.14/site-packages/telegram/_bot.py", line 990, in get_me
    result = await self._post(
             ^^^^^^^^^^^^^^^^^
    ...<6 lines>...
    )
    ^
  File "/opt/render/project/src/.venv/lib/python3.14/site-packages/telegram/_bot.py", line 704, in _post
    return await self._do_post(
           ^^^^^^^^^^^^^^^^^^^^
    ...<6 lines>...
    )
    ^
  File "/opt/render/project/src/.venv/lib/python3.14/site-packages/telegram/ext/_extbot.py", line 370, in _do_post
    return await super()._do_post(
           ^^^^^^^^^^^^^^^^^^^^^^^
    ...<6 lines>...
    )
    ^
  File "/opt/render/project/src/.venv/lib/python3.14/site-packages/telegram/_bot.py", line 733, in _do_post
    result = await request.post(
             ^^^^^^^^^^^^^^^^^^^
    ...<6 lines>...
    )
    ^
  File "/opt/render/project/src/.venv/lib/python3.14/site-packages/telegram/request/_baserequest.py", line 198, in post
    result = await self._request_wrapper(
             ^^^^^^^^^^^^^^^^^^^^^^^^^^^^
    ...<7 lines>...
    )
    ^
  File "/opt/render/project/src/.venv/lib/python3.14/site-packages/telegram/request/_baserequest.py", line 375, in _request_wrapper
    raise exception
telegram.error.InvalidToken: Unauthorized

The above exception was the direct cause of the following exception:

Traceback (most recent call last):
  File "/opt/render/project/src/data/projects/ADMIN/911cbdc5/x_auto_forward.py", line 815, in <module>
    main()
    ~~~~^^
  File "/opt/render/project/src/data/projects/ADMIN/911cbdc5/x_auto_forward.py", line 811, in main
    app.run_polling(allowed_updates=["message", "callback_query"])
    ~~~~~~~~~~~~~~~^^^^^^^^^^^^^^^^^^^^^^^^^^^^^^^^^^^^^^^^^^^^^^^
  File "/opt/render/project/src/.venv/lib/python3.14/site-packages/telegram/ext/_application.py", line 839, in run_polling
    return self.__run(
           ~~~~~~~~~~^
        updater_coroutine=self.updater.start_polling(
        ^^^^^^^^^^^^^^^^^^^^^^^^^^^^^^^^^^^^^^^^^^^^^
    ...<9 lines>...
        close_loop=close_loop,
        ^^^^^^^^^^^^^^^^^^^^^^
    )
    ^
  File "/opt/render/project/src/.venv/lib/python3.14/site-packages/telegram/ext/_application.py", line 1054, in __run
    loop.run_until_complete(self._bootstrap_initialize(max_retries=bootstrap_retries))
    ~~~~~~~~~~~~~~~~~~~~~~~^^^^^^^^^^^^^^^^^^^^^^^^^^^^^^^^^^^^^^^^^^^^^^^^^^^^^^^^^^^
  File "/opt/render/project/python/Python-3.14.3/lib/python3.14/asyncio/base_events.py", line 719, in run_until_complete
    return future.result()
           ~~~~~~~~~~~~~^^
  File "/opt/render/project/src/.venv/lib/python3.14/site-packages/telegram/ext/_application.py", line 1014, in _bootstrap_initialize
    await network_retry_loop(
    ...<4 lines>...
    )
  File "/opt/render/project/src/.venv/lib/python3.14/site-packages/telegram/ext/_utils/networkloop.py", line 161, in network_retry_loop
    await do_action()
  File "/opt/render/project/src/.venv/lib/python3.14/site-packages/telegram/ext/_utils/networkloop.py", line 136, in do_action
    await action_cb()
  File "/opt/render/project/src/.venv/lib/python3.14/site-packages/telegram/ext/_application.py", line 489, in initialize
    await self.bot.initialize()
  File "/opt/render/project/src/.venv/lib/python3.14/site-packages/telegram/ext/_extbot.py", line 316, in initialize
    await super().initialize()
  File "/opt/render/project/src/.venv/lib/python3.14/site-packages/telegram/_bot.py", line 860, in initialize
    raise InvalidToken(f"The token `{self._token}` was rejected by the server.") from exc
telegram.error.InvalidToken: The token `8966684570:AAEIuVKN_pazun6mSAMHnOKREtn3ZfcaD3c` was rejected by the server.

[WATCHDOG] Auto restart at 2026-06-06 13:07:37.291012

[HOST] Auto install checking...
[HOST] Auto install done.

[HOST] Starting x_auto_forward.py at 2026-06-06 13:07:37.491962
2026-06-06 13:07:45,089 | INFO     | XAutoForwardBot — 🚀 Starting X Auto Forward Bot…
/opt/render/project/src/data/projects/ADMIN/911cbdc5/x_auto_forward.py:749: PTBUserWarning: If 'per_message=False', 'CallbackQueryHandler' will not be tracked for every message. Read this FAQ entry to learn more about the per_* settings: https://github.com/python-telegram-bot/python-telegram-bot/wiki/Frequently-Asked-Questions#what-do-the-per_-settings-in-conversationhandler-do.
  conv = ConversationHandler(
2026-06-06 13:07:48,455 | INFO     | httpx — HTTP Request: POST https://api.telegram.org/bot8966684570:AAEIuVKN_pazun6mSAMHnOKREtn3ZfcaD3c/getMe "HTTP/1.1 401 Unauthorized"
2026-06-06 13:07:48,490 | ERROR    | telegram.ext — Network Retry Loop (Bootstrap Initialize Application): Invalid token. Aborting retry loop.
Traceback (most recent call last):
  File "/opt/render/project/src/.venv/lib/python3.14/site-packages/telegram/_bot.py", line 857, in initialize
    await self.get_me()
  File "/opt/render/project/src/.venv/lib/python3.14/site-packages/telegram/ext/_extbot.py", line 2008, in get_me
    return await super().get_me(
           ^^^^^^^^^^^^^^^^^^^^^
    ...<5 lines>...
    )
    ^
  File "/opt/render/project/src/.venv/lib/python3.14/site-packages/telegram/_bot.py", line 990, in get_me
    result = await self._post(
             ^^^^^^^^^^^^^^^^^
    ...<6 lines>...
    )
    ^
  File "/opt/render/project/src/.venv/lib/python3.14/site-packages/telegram/_bot.py", line 704, in _post
    return await self._do_post(
           ^^^^^^^^^^^^^^^^^^^^
    ...<6 lines>...
    )
    ^
  File "/opt/render/project/src/.venv/lib/python3.14/site-packages/telegram/ext/_extbot.py", line 370, in _do_post
    return await super()._do_post(
           ^^^^^^^^^^^^^^^^^^^^^^^
    ...<6 lines>...
    )
    ^
  File "/opt/render/project/src/.venv/lib/python3.14/site-packages/telegram/_bot.py", line 733, in _do_post
    result = await request.post(
             ^^^^^^^^^^^^^^^^^^^
    ...<6 lines>...
    )
    ^
  File "/opt/render/project/src/.venv/lib/python3.14/site-packages/telegram/request/_baserequest.py", line 198, in post
    result = await self._request_wrapper(
             ^^^^^^^^^^^^^^^^^^^^^^^^^^^^
    ...<7 lines>...
    )
    ^
  File "/opt/render/project/src/.venv/lib/python3.14/site-packages/telegram/request/_baserequest.py", line 375, in _request_wrapper
    raise exception
telegram.error.InvalidToken: Unauthorized

The above exception was the direct cause of the following exception:

Traceback (most recent call last):
  File "/opt/render/project/src/.venv/lib/python3.14/site-packages/telegram/ext/_utils/networkloop.py", line 161, in network_retry_loop
    await do_action()
  File "/opt/render/project/src/.venv/lib/python3.14/site-packages/telegram/ext/_utils/networkloop.py", line 136, in do_action
    await action_cb()
  File "/opt/render/project/src/.venv/lib/python3.14/site-packages/telegram/ext/_application.py", line 489, in initialize
    await self.bot.initialize()
  File "/opt/render/project/src/.venv/lib/python3.14/site-packages/telegram/ext/_extbot.py", line 316, in initialize
    await super().initialize()
  File "/opt/render/project/src/.venv/lib/python3.14/site-packages/telegram/_bot.py", line 860, in initialize
    raise InvalidToken(f"The token `{self._token}` was rejected by the server.") from exc
telegram.error.InvalidToken: The token `8966684570:AAEIuVKN_pazun6mSAMHnOKREtn3ZfcaD3c` was rejected by the server.
Traceback (most recent call last):
  File "/opt/render/project/src/.venv/lib/python3.14/site-packages/telegram/_bot.py", line 857, in initialize
    await self.get_me()
  File "/opt/render/project/src/.venv/lib/python3.14/site-packages/telegram/ext/_extbot.py", line 2008, in get_me
    return await super().get_me(
           ^^^^^^^^^^^^^^^^^^^^^
    ...<5 lines>...
    )
    ^
  File "/opt/render/project/src/.venv/lib/python3.14/site-packages/telegram/_bot.py", line 990, in get_me
    result = await self._post(
             ^^^^^^^^^^^^^^^^^
    ...<6 lines>...
    )
    ^
  File "/opt/render/project/src/.venv/lib/python3.14/site-packages/telegram/_bot.py", line 704, in _post
    return await self._do_post(
           ^^^^^^^^^^^^^^^^^^^^
    ...<6 lines>...
    )
    ^
  File "/opt/render/project/src/.venv/lib/python3.14/site-packages/telegram/ext/_extbot.py", line 370, in _do_post
    return await super()._do_post(
           ^^^^^^^^^^^^^^^^^^^^^^^
    ...<6 lines>...
    )
    ^
  File "/opt/render/project/src/.venv/lib/python3.14/site-packages/telegram/_bot.py", line 733, in _do_post
    result = await request.post(
             ^^^^^^^^^^^^^^^^^^^
    ...<6 lines>...
    )
    ^
  File "/opt/render/project/src/.venv/lib/python3.14/site-packages/telegram/request/_baserequest.py", line 198, in post
    result = await self._request_wrapper(
             ^^^^^^^^^^^^^^^^^^^^^^^^^^^^
    ...<7 lines>...
    )
    ^
  File "/opt/render/project/src/.venv/lib/python3.14/site-packages/telegram/request/_baserequest.py", line 375, in _request_wrapper
    raise exception
telegram.error.InvalidToken: Unauthorized

The above exception was the direct cause of the following exception:

Traceback (most recent call last):
  File "/opt/render/project/src/data/projects/ADMIN/911cbdc5/x_auto_forward.py", line 815, in <module>
    main()
    ~~~~^^
  File "/opt/render/project/src/data/projects/ADMIN/911cbdc5/x_auto_forward.py", line 811, in main
    app.run_polling(allowed_updates=["message", "callback_query"])
    ~~~~~~~~~~~~~~~^^^^^^^^^^^^^^^^^^^^^^^^^^^^^^^^^^^^^^^^^^^^^^^
  File "/opt/render/project/src/.venv/lib/python3.14/site-packages/telegram/ext/_application.py", line 839, in run_polling
    return self.__run(
           ~~~~~~~~~~^
        updater_coroutine=self.updater.start_polling(
        ^^^^^^^^^^^^^^^^^^^^^^^^^^^^^^^^^^^^^^^^^^^^^
    ...<9 lines>...
        close_loop=close_loop,
        ^^^^^^^^^^^^^^^^^^^^^^
    )
    ^
  File "/opt/render/project/src/.venv/lib/python3.14/site-packages/telegram/ext/_application.py", line 1054, in __run
    loop.run_until_complete(self._bootstrap_initialize(max_retries=bootstrap_retries))
    ~~~~~~~~~~~~~~~~~~~~~~~^^^^^^^^^^^^^^^^^^^^^^^^^^^^^^^^^^^^^^^^^^^^^^^^^^^^^^^^^^^
  File "/opt/render/project/python/Python-3.14.3/lib/python3.14/asyncio/base_events.py", line 719, in run_until_complete
    return future.result()
           ~~~~~~~~~~~~~^^
  File "/opt/render/project/src/.venv/lib/python3.14/site-packages/telegram/ext/_application.py", line 1014, in _bootstrap_initialize
    await network_retry_loop(
    ...<4 lines>...
    )
  File "/opt/render/project/src/.venv/lib/python3.14/site-packages/telegram/ext/_utils/networkloop.py", line 161, in network_retry_loop
    await do_action()
  File "/opt/render/project/src/.venv/lib/python3.14/site-packages/telegram/ext/_utils/networkloop.py", line 136, in do_action
    await action_cb()
  File "/opt/render/project/src/.venv/lib/python3.14/site-packages/telegram/ext/_application.py", line 489, in initialize
    await self.bot.initialize()
  File "/opt/render/project/src/.venv/lib/python3.14/site-packages/telegram/ext/_extbot.py", line 316, in initialize
    await super().initialize()
  File "/opt/render/project/src/.venv/lib/python3.14/site-packages/telegram/_bot.py", line 860, in initialize
    raise InvalidToken(f"The token `{self._token}` was rejected by the server.") from exc
telegram.error.InvalidToken: The token `8966684570:AAEIuVKN_pazun6mSAMHnOKREtn3ZfcaD3c` was rejected by the server.

[WATCHDOG] Auto restart at 2026-06-06 13:07:59.449316

[HOST] Auto install checking...
[HOST] Auto install done.

[HOST] Starting x_auto_forward.py at 2026-06-06 13:07:59.594931
2026-06-06 13:08:05,894 | INFO     | XAutoForwardBot — 🚀 Starting X Auto Forward Bot…
/opt/render/project/src/data/projects/ADMIN/911cbdc5/x_auto_forward.py:749: PTBUserWarning: If 'per_message=False', 'CallbackQueryHandler' will not be tracked for every message. Read this FAQ entry to learn more about the per_* settings: https://github.com/python-telegram-bot/python-telegram-bot/wiki/Frequently-Asked-Questions#what-do-the-per_-settings-in-conversationhandler-do.
  conv = ConversationHandler(
2026-06-06 13:08:09,489 | INFO     | httpx — HTTP Request: POST https://api.telegram.org/bot8966684570:AAEIuVKN_pazun6mSAMHnOKREtn3ZfcaD3c/getMe "HTTP/1.1 401 Unauthorized"
2026-06-06 13:08:09,490 | ERROR    | telegram.ext — Network Retry Loop (Bootstrap Initialize Application): Invalid token. Aborting retry loop.
Traceback (most recent call last):
  File "/opt/render/project/src/.venv/lib/python3.14/site-packages/telegram/_bot.py", line 857, in initialize
    await self.get_me()
  File "/opt/render/project/src/.venv/lib/python3.14/site-packages/telegram/ext/_extbot.py", line 2008, in get_me
    return await super().get_me(
           ^^^^^^^^^^^^^^^^^^^^^
    ...<5 lines>...
    )
    ^
  File "/opt/render/project/src/.venv/lib/python3.14/site-packages/telegram/_bot.py", line 990, in get_me
    result = await self._post(
             ^^^^^^^^^^^^^^^^^
    ...<6 lines>...
    )
    ^
  File "/opt/render/project/src/.venv/lib/python3.14/site-packages/telegram/_bot.py", line 704, in _post
    return await self._do_post(
           ^^^^^^^^^^^^^^^^^^^^
    ...<6 lines>...
    )
    ^
  File "/opt/render/project/src/.venv/lib/python3.14/site-packages/telegram/ext/_extbot.py", line 370, in _do_post
    return await super()._do_post(
           ^^^^^^^^^^^^^^^^^^^^^^^
    ...<6 lines>...
    )
    ^
  File "/opt/render/project/src/.venv/lib/python3.14/site-packages/telegram/_bot.py", line 733, in _do_post
    result = await request.post(
             ^^^^^^^^^^^^^^^^^^^
    ...<6 lines>...
    )
    ^
  File "/opt/render/project/src/.venv/lib/python3.14/site-packages/telegram/request/_baserequest.py", line 198, in post
    result = await self._request_wrapper(
             ^^^^^^^^^^^^^^^^^^^^^^^^^^^^
    ...<7 lines>...
    )
    ^
  File "/opt/render/project/src/.venv/lib/python3.14/site-packages/telegram/request/_baserequest.py", line 375, in _request_wrapper
    raise exception
telegram.error.InvalidToken: Unauthorized

The above exception was the direct cause of the following exception:

Traceback (most recent call last):
  File "/opt/render/project/src/.venv/lib/python3.14/site-packages/telegram/ext/_utils/networkloop.py", line 161, in network_retry_loop
    await do_action()
  File "/opt/render/project/src/.venv/lib/python3.14/site-packages/telegram/ext/_utils/networkloop.py", line 136, in do_action
    await action_cb()
  File "/opt/render/project/src/.venv/lib/python3.14/site-packages/telegram/ext/_application.py", line 489, in initialize
    await self.bot.initialize()
  File "/opt/render/project/src/.venv/lib/python3.14/site-packages/telegram/ext/_extbot.py", line 316, in initialize
    await super().initialize()
  File "/opt/render/project/src/.venv/lib/python3.14/site-packages/telegram/_bot.py", line 860, in initialize
    raise InvalidToken(f"The token `{self._token}` was rejected by the server.") from exc
telegram.error.InvalidToken: The token `8966684570:AAEIuVKN_pazun6mSAMHnOKREtn3ZfcaD3c` was rejected by the server.
Traceback (most recent call last):
  File "/opt/render/project/src/.venv/lib/python3.14/site-packages/telegram/_bot.py", line 857, in initialize
    await self.get_me()
  File "/opt/render/project/src/.venv/lib/python3.14/site-packages/telegram/ext/_extbot.py", line 2008, in get_me
    return await super().get_me(
           ^^^^^^^^^^^^^^^^^^^^^
    ...<5 lines>...
    )
    ^
  File "/opt/render/project/src/.venv/lib/python3.14/site-packages/telegram/_bot.py", line 990, in get_me
    result = await self._post(
             ^^^^^^^^^^^^^^^^^
    ...<6 lines>...
    )
    ^
  File "/opt/render/project/src/.venv/lib/python3.14/site-packages/telegram/_bot.py", line 704, in _post
    return await self._do_post(
           ^^^^^^^^^^^^^^^^^^^^
    ...<6 lines>...
    )
    ^
  File "/opt/render/project/src/.venv/lib/python3.14/site-packages/telegram/ext/_extbot.py", line 370, in _do_post
    return await super()._do_post(
           ^^^^^^^^^^^^^^^^^^^^^^^
    ...<6 lines>...
    )
    ^
  File "/opt/render/project/src/.venv/lib/python3.14/site-packages/telegram/_bot.py", line 733, in _do_post
    result = await request.post(
             ^^^^^^^^^^^^^^^^^^^
    ...<6 lines>...
    )
    ^
  File "/opt/render/project/src/.venv/lib/python3.14/site-packages/telegram/request/_baserequest.py", line 198, in post
    result = await self._request_wrapper(
             ^^^^^^^^^^^^^^^^^^^^^^^^^^^^
    ...<7 lines>...
    )
    ^
  File "/opt/render/project/src/.venv/lib/python3.14/site-packages/telegram/request/_baserequest.py", line 375, in _request_wrapper
    raise exception
telegram.error.InvalidToken: Unauthorized

The above exception was the direct cause of the following exception:

Traceback (most recent call last):
  File "/opt/render/project/src/data/projects/ADMIN/911cbdc5/x_auto_forward.py", line 815, in <module>
    main()
    ~~~~^^
  File "/opt/render/project/src/data/projects/ADMIN/911cbdc5/x_auto_forward.py", line 811, in main
    app.run_polling(allowed_updates=["message", "callback_query"])
    ~~~~~~~~~~~~~~~^^^^^^^^^^^^^^^^^^^^^^^^^^^^^^^^^^^^^^^^^^^^^^^
  File "/opt/render/project/src/.venv/lib/python3.14/site-packages/telegram/ext/_application.py", line 839, in run_polling
    return self.__run(
           ~~~~~~~~~~^
        updater_coroutine=self.updater.start_polling(
        ^^^^^^^^^^^^^^^^^^^^^^^^^^^^^^^^^^^^^^^^^^^^^
    ...<9 lines>...
        close_loop=close_loop,
        ^^^^^^^^^^^^^^^^^^^^^^
    )
    ^
  File "/opt/render/project/src/.venv/lib/python3.14/site-packages/telegram/ext/_application.py", line 1054, in __run
    loop.run_until_complete(self._bootstrap_initialize(max_retries=bootstrap_retries))
    ~~~~~~~~~~~~~~~~~~~~~~~^^^^^^^^^^^^^^^^^^^^^^^^^^^^^^^^^^^^^^^^^^^^^^^^^^^^^^^^^^^
  File "/opt/render/project/python/Python-3.14.3/lib/python3.14/asyncio/base_events.py", line 719, in run_until_complete
    return future.result()
           ~~~~~~~~~~~~~^^
  File "/opt/render/project/src/.venv/lib/python3.14/site-packages/telegram/ext/_application.py", line 1014, in _bootstrap_initialize
    await network_retry_loop(
    ...<4 lines>...
    )
  File "/opt/render/project/src/.venv/lib/python3.14/site-packages/telegram/ext/_utils/networkloop.py", line 161, in network_retry_loop
    await do_action()
  File "/opt/render/project/src/.venv/lib/python3.14/site-packages/telegram/ext/_utils/networkloop.py", line 136, in do_action
    await action_cb()
  File "/opt/render/project/src/.venv/lib/python3.14/site-packages/telegram/ext/_application.py", line 489, in initialize
    await self.bot.initialize()
  File "/opt/render/project/src/.venv/lib/python3.14/site-packages/telegram/ext/_extbot.py", line 316, in initialize
    await super().initialize()
  File "/opt/render/project/src/.venv/lib/python3.14/site-packages/telegram/_bot.py", line 860, in initialize
    raise InvalidToken(f"The token `{self._token}` was rejected by the server.") from exc
telegram.error.InvalidToken: The token `8966684570:AAEIuVKN_pazun6mSAMHnOKREtn3ZfcaD3c` was rejected by the server.

[WATCHDOG] Auto restart at 2026-06-06 13:08:21.542181

[HOST] Auto install checking...
[HOST] Auto install done.

[HOST] Starting x_auto_forward.py at 2026-06-06 13:08:21.695431
2026-06-06 13:08:27,892 | INFO     | XAutoForwardBot — 🚀 Starting X Auto Forward Bot…
/opt/render/project/src/data/projects/ADMIN/911cbdc5/x_auto_forward.py:749: PTBUserWarning: If 'per_message=False', 'CallbackQueryHandler' will not be tracked for every message. Read this FAQ entry to learn more about the per_* settings: https://github.com/python-telegram-bot/python-telegram-bot/wiki/Frequently-Asked-Questions#what-do-the-per_-settings-in-conversationhandler-do.
  conv = ConversationHandler(
2026-06-06 13:08:31,449 | INFO     | httpx — HTTP Request: POST https://api.telegram.org/bot8966684570:AAEIuVKN_pazun6mSAMHnOKREtn3ZfcaD3c/getMe "HTTP/1.1 401 Unauthorized"
2026-06-06 13:08:31,489 | ERROR    | telegram.ext — Network Retry Loop (Bootstrap Initialize Application): Invalid token. Aborting retry loop.
Traceback (most recent call last):
  File "/opt/render/project/src/.venv/lib/python3.14/site-packages/telegram/_bot.py", line 857, in initialize
    await self.get_me()
  File "/opt/render/project/src/.venv/lib/python3.14/site-packages/telegram/ext/_extbot.py", line 2008, in get_me
    return await super().get_me(
           ^^^^^^^^^^^^^^^^^^^^^
    ...<5 lines>...
    )
    ^
  File "/opt/render/project/src/.venv/lib/python3.14/site-packages/telegram/_bot.py", line 990, in get_me
    result = await self._post(
             ^^^^^^^^^^^^^^^^^
    ...<6 lines>...
    )
    ^
  File "/opt/render/project/src/.venv/lib/python3.14/site-packages/telegram/_bot.py", line 704, in _post
    return await self._do_post(
           ^^^^^^^^^^^^^^^^^^^^
    ...<6 lines>...
    )
    ^
  File "/opt/render/project/src/.venv/lib/python3.14/site-packages/telegram/ext/_extbot.py", line 370, in _do_post
    return await super()._do_post(
           ^^^^^^^^^^^^^^^^^^^^^^^
    ...<6 lines>...
    )
    ^
  File "/opt/render/project/src/.venv/lib/python3.14/site-packages/telegram/_bot.py", line 733, in _do_post
    result = await request.post(
             ^^^^^^^^^^^^^^^^^^^
    ...<6 lines>...
    )
    ^
  File "/opt/render/project/src/.venv/lib/python3.14/site-packages/telegram/request/_baserequest.py", line 198, in post
    result = await self._request_wrapper(
             ^^^^^^^^^^^^^^^^^^^^^^^^^^^^
    ...<7 lines>...
    )
    ^
  File "/opt/render/project/src/.venv/lib/python3.14/site-packages/telegram/request/_baserequest.py", line 375, in _request_wrapper
    raise exception
telegram.error.InvalidToken: Unauthorized

The above exception was the direct cause of the following exception:

Traceback (most recent call last):
  File "/opt/render/project/src/.venv/lib/python3.14/site-packages/telegram/ext/_utils/networkloop.py", line 161, in network_retry_loop
    await do_action()
  File "/opt/render/project/src/.venv/lib/python3.14/site-packages/telegram/ext/_utils/networkloop.py", line 136, in do_action
    await action_cb()
  File "/opt/render/project/src/.venv/lib/python3.14/site-packages/telegram/ext/_application.py", line 489, in initialize
    await self.bot.initialize()
  File "/opt/render/project/src/.venv/lib/python3.14/site-packages/telegram/ext/_extbot.py", line 316, in initialize
    await super().initialize()
  File "/opt/render/project/src/.venv/lib/python3.14/site-packages/telegram/_bot.py", line 860, in initialize
    raise InvalidToken(f"The token `{self._token}` was rejected by the server.") from exc
telegram.error.InvalidToken: The token `8966684570:AAEIuVKN_pazun6mSAMHnOKREtn3ZfcaD3c` was rejected by the server.
Traceback (most recent call last):
  File "/opt/render/project/src/.venv/lib/python3.14/site-packages/telegram/_bot.py", line 857, in initialize
    await self.get_me()
  File "/opt/render/project/src/.venv/lib/python3.14/site-packages/telegram/ext/_extbot.py", line 2008, in get_me
    return await super().get_me(
           ^^^^^^^^^^^^^^^^^^^^^
    ...<5 lines>...
    )
    ^
  File "/opt/render/project/src/.venv/lib/python3.14/site-packages/telegram/_bot.py", line 990, in get_me
    result = await self._post(
             ^^^^^^^^^^^^^^^^^
    ...<6 lines>...
    )
    ^
  File "/opt/render/project/src/.venv/lib/python3.14/site-packages/telegram/_bot.py", line 704, in _post
    return await self._do_post(
           ^^^^^^^^^^^^^^^^^^^^
    ...<6 lines>...
    )
    ^
  File "/opt/render/project/src/.venv/lib/python3.14/site-packages/telegram/ext/_extbot.py", line 370, in _do_post
    return await super()._do_post(
           ^^^^^^^^^^^^^^^^^^^^^^^
    ...<6 lines>...
    )
    ^
  File "/opt/render/project/src/.venv/lib/python3.14/site-packages/telegram/_bot.py", line 733, in _do_post
    result = await request.post(
             ^^^^^^^^^^^^^^^^^^^
    ...<6 lines>...
    )
    ^
  File "/opt/render/project/src/.venv/lib/python3.14/site-packages/telegram/request/_baserequest.py", line 198, in post
    result = await self._request_wrapper(
             ^^^^^^^^^^^^^^^^^^^^^^^^^^^^
    ...<7 lines>...
    )
    ^
  File "/opt/render/project/src/.venv/lib/python3.14/site-packages/telegram/request/_baserequest.py", line 375, in _request_wrapper
    raise exception
telegram.error.InvalidToken: Unauthorized

The above exception was the direct cause of the following exception:

Traceback (most recent call last):
  File "/opt/render/project/src/data/projects/ADMIN/911cbdc5/x_auto_forward.py", line 815, in <module>
    main()
    ~~~~^^
  File "/opt/render/project/src/data/projects/ADMIN/911cbdc5/x_auto_forward.py", line 811, in main
    app.run_polling(allowed_updates=["message", "callback_query"])
    ~~~~~~~~~~~~~~~^^^^^^^^^^^^^^^^^^^^^^^^^^^^^^^^^^^^^^^^^^^^^^^
  File "/opt/render/project/src/.venv/lib/python3.14/site-packages/telegram/ext/_application.py", line 839, in run_polling
    return self.__run(
           ~~~~~~~~~~^
        updater_coroutine=self.updater.start_polling(
        ^^^^^^^^^^^^^^^^^^^^^^^^^^^^^^^^^^^^^^^^^^^^^
    ...<9 lines>...
        close_loop=close_loop,
        ^^^^^^^^^^^^^^^^^^^^^^
    )
    ^
  File "/opt/render/project/src/.venv/lib/python3.14/site-packages/telegram/ext/_application.py", line 1054, in __run
    loop.run_until_complete(self._bootstrap_initialize(max_retries=bootstrap_retries))
    ~~~~~~~~~~~~~~~~~~~~~~~^^^^^^^^^^^^^^^^^^^^^^^^^^^^^^^^^^^^^^^^^^^^^^^^^^^^^^^^^^^
  File "/opt/render/project/python/Python-3.14.3/lib/python3.14/asyncio/base_events.py", line 719, in run_until_complete
    return future.result()
           ~~~~~~~~~~~~~^^
  File "/opt/render/project/src/.venv/lib/python3.14/site-packages/telegram/ext/_application.py", line 1014, in _bootstrap_initialize
    await network_retry_loop(
    ...<4 lines>...
    )
  File "/opt/render/project/src/.venv/lib/python3.14/site-packages/telegram/ext/_utils/networkloop.py", line 161, in network_retry_loop
    await do_action()
  File "/opt/render/project/src/.venv/lib/python3.14/site-packages/telegram/ext/_utils/networkloop.py", line 136, in do_action
    await action_cb()
  File "/opt/render/project/src/.venv/lib/python3.14/site-packages/telegram/ext/_application.py", line 489, in initialize
    await self.bot.initialize()
  File "/opt/render/project/src/.venv/lib/python3.14/site-packages/telegram/ext/_extbot.py", line 316, in initialize
    await super().initialize()
  File "/opt/render/project/src/.venv/lib/python3.14/site-packages/telegram/_bot.py", line 860, in initialize
    raise InvalidToken(f"The token `{self._token}` was rejected by the server.") from exc
telegram.error.InvalidToken: The token `8966684570:AAEIuVKN_pazun6mSAMHnOKREtn3ZfcaD3c` was rejected by the server.

[WATCHDOG] Auto restart at 2026-06-06 13:08:43.495044

[HOST] Auto install checking...
[HOST] Auto install done.

[HOST] Starting x_auto_forward.py at 2026-06-06 13:08:43.697159
2026-06-06 13:08:49,590 | INFO     | XAutoForwardBot — 🚀 Starting X Auto Forward Bot…
/opt/render/project/src/data/projects/ADMIN/911cbdc5/x_auto_forward.py:749: PTBUserWarning: If 'per_message=False', 'CallbackQueryHandler' will not be tracked for every message. Read this FAQ entry to learn more about the per_* settings: https://github.com/python-telegram-bot/python-telegram-bot/wiki/Frequently-Asked-Questions#what-do-the-per_-settings-in-conversationhandler-do.
  conv = ConversationHandler(
2026-06-06 13:08:52,690 | INFO     | httpx — HTTP Request: POST https://api.telegram.org/bot8966684570:AAEIuVKN_pazun6mSAMHnOKREtn3ZfcaD3c/getMe "HTTP/1.1 401 Unauthorized"
2026-06-06 13:08:52,691 | ERROR    | telegram.ext — Network Retry Loop (Bootstrap Initialize Application): Invalid token. Aborting retry loop.
Traceback (most recent call last):
  File "/opt/render/project/src/.venv/lib/python3.14/site-packages/telegram/_bot.py", line 857, in initialize
    await self.get_me()
  File "/opt/render/project/src/.venv/lib/python3.14/site-packages/telegram/ext/_extbot.py", line 2008, in get_me
    return await super().get_me(
           ^^^^^^^^^^^^^^^^^^^^^
    ...<5 lines>...
    )
    ^
  File "/opt/render/project/src/.venv/lib/python3.14/site-packages/telegram/_bot.py", line 990, in get_me
    result = await self._post(
             ^^^^^^^^^^^^^^^^^
    ...<6 lines>...
    )
    ^
  File "/opt/render/project/src/.venv/lib/python3.14/site-packages/telegram/_bot.py", line 704, in _post
    return await self._do_post(
           ^^^^^^^^^^^^^^^^^^^^
    ...<6 lines>...
    )
    ^
  File "/opt/render/project/src/.venv/lib/python3.14/site-packages/telegram/ext/_extbot.py", line 370, in _do_post
    return await super()._do_post(
           ^^^^^^^^^^^^^^^^^^^^^^^
    ...<6 lines>...
    )
    ^
  File "/opt/render/project/src/.venv/lib/python3.14/site-packages/telegram/_bot.py", line 733, in _do_post
    result = await request.post(
             ^^^^^^^^^^^^^^^^^^^
    ...<6 lines>...
    )
    ^
  File "/opt/render/project/src/.venv/lib/python3.14/site-packages/telegram/request/_baserequest.py", line 198, in post
    result = await self._request_wrapper(
             ^^^^^^^^^^^^^^^^^^^^^^^^^^^^
    ...<7 lines>...
    )
    ^
  File "/opt/render/project/src/.venv/lib/python3.14/site-packages/telegram/request/_baserequest.py", line 375, in _request_wrapper
    raise exception
telegram.error.InvalidToken: Unauthorized

The above exception was the direct cause of the following exception:

Traceback (most recent call last):
  File "/opt/render/project/src/.venv/lib/python3.14/site-packages/telegram/ext/_utils/networkloop.py", line 161, in network_retry_loop
    await do_action()
  File "/opt/render/project/src/.venv/lib/python3.14/site-packages/telegram/ext/_utils/networkloop.py", line 136, in do_action
    await action_cb()
  File "/opt/render/project/src/.venv/lib/python3.14/site-packages/telegram/ext/_application.py", line 489, in initialize
    await self.bot.initialize()
  File "/opt/render/project/src/.venv/lib/python3.14/site-packages/telegram/ext/_extbot.py", line 316, in initialize
    await super().initialize()
  File "/opt/render/project/src/.venv/lib/python3.14/site-packages/telegram/_bot.py", line 860, in initialize
    raise InvalidToken(f"The token `{self._token}` was rejected by the server.") from exc
telegram.error.InvalidToken: The token `8966684570:AAEIuVKN_pazun6mSAMHnOKREtn3ZfcaD3c` was rejected by the server.
Traceback (most recent call last):
  File "/opt/render/project/src/.venv/lib/python3.14/site-packages/telegram/_bot.py", line 857, in initialize
    await self.get_me()
  File "/opt/render/project/src/.venv/lib/python3.14/site-packages/telegram/ext/_extbot.py", line 2008, in get_me
    return await super().get_me(
           ^^^^^^^^^^^^^^^^^^^^^
    ...<5 lines>...
    )
    ^
  File "/opt/render/project/src/.venv/lib/python3.14/site-packages/telegram/_bot.py", line 990, in get_me
    result = await self._post(
             ^^^^^^^^^^^^^^^^^
    ...<6 lines>...
    )
    ^
  File "/opt/render/project/src/.venv/lib/python3.14/site-packages/telegram/_bot.py", line 704, in _post
    return await self._do_post(
           ^^^^^^^^^^^^^^^^^^^^
    ...<6 lines>...
    )
    ^
  File "/opt/render/project/src/.venv/lib/python3.14/site-packages/telegram/ext/_extbot.py", line 370, in _do_post
    return await super()._do_post(
           ^^^^^^^^^^^^^^^^^^^^^^^
    ...<6 lines>...
    )
    ^
  File "/opt/render/project/src/.venv/lib/python3.14/site-packages/telegram/_bot.py", line 733, in _do_post
    result = await request.post(
             ^^^^^^^^^^^^^^^^^^^
    ...<6 lines>...
    )
    ^
  File "/opt/render/project/src/.venv/lib/python3.14/site-packages/telegram/request/_baserequest.py", line 198, in post
    result = await self._request_wrapper(
             ^^^^^^^^^^^^^^^^^^^^^^^^^^^^
    ...<7 lines>...
    )
    ^
  File "/opt/render/project/src/.venv/lib/python3.14/site-packages/telegram/request/_baserequest.py", line 375, in _request_wrapper
    raise exception
telegram.error.InvalidToken: Unauthorized

The above exception was the direct cause of the following exception:

Traceback (most recent call last):
  File "/opt/render/project/src/data/projects/ADMIN/911cbdc5/x_auto_forward.py", line 815, in <module>
    main()
    ~~~~^^
  File "/opt/render/project/src/data/projects/ADMIN/911cbdc5/x_auto_forward.py", line 811, in main
    app.run_polling(allowed_updates=["message", "callback_query"])
    ~~~~~~~~~~~~~~~^^^^^^^^^^^^^^^^^^^^^^^^^^^^^^^^^^^^^^^^^^^^^^^
  File "/opt/render/project/src/.venv/lib/python3.14/site-packages/telegram/ext/_application.py", line 839, in run_polling
    return self.__run(
           ~~~~~~~~~~^
        updater_coroutine=self.updater.start_polling(
        ^^^^^^^^^^^^^^^^^^^^^^^^^^^^^^^^^^^^^^^^^^^^^
    ...<9 lines>...
        close_loop=close_loop,
        ^^^^^^^^^^^^^^^^^^^^^^
    )
    ^
  File "/opt/render/project/src/.venv/lib/python3.14/site-packages/telegram/ext/_application.py", line 1054, in __run
    loop.run_until_complete(self._bootstrap_initialize(max_retries=bootstrap_retries))
    ~~~~~~~~~~~~~~~~~~~~~~~^^^^^^^^^^^^^^^^^^^^^^^^^^^^^^^^^^^^^^^^^^^^^^^^^^^^^^^^^^^
  File "/opt/render/project/python/Python-3.14.3/lib/python3.14/asyncio/base_events.py", line 719, in run_until_complete
    return future.result()
           ~~~~~~~~~~~~~^^
  File "/opt/render/project/src/.venv/lib/python3.14/site-packages/telegram/ext/_application.py", line 1014, in _bootstrap_initialize
    await network_retry_loop(
    ...<4 lines>...
    )
  File "/opt/render/project/src/.venv/lib/python3.14/site-packages/telegram/ext/_utils/networkloop.py", line 161, in network_retry_loop
    await do_action()
  File "/opt/render/project/src/.venv/lib/python3.14/site-packages/telegram/ext/_utils/networkloop.py", line 136, in do_action
    await action_cb()
  File "/opt/render/project/src/.venv/lib/python3.14/site-packages/telegram/ext/_application.py", line 489, in initialize
    await self.bot.initialize()
  File "/opt/render/project/src/.venv/lib/python3.14/site-packages/telegram/ext/_extbot.py", line 316, in initialize
    await super().initialize()
  File "/opt/render/project/src/.venv/lib/python3.14/site-packages/telegram/_bot.py", line 860, in initialize
    raise InvalidToken(f"The token `{self._token}` was rejected by the server.") from exc
telegram.error.InvalidToken: The token `8966684570:AAEIuVKN_pazun6mSAMHnOKREtn3ZfcaD3c` was rejected by the server.

[WATCHDOG] Auto restart at 2026-06-06 13:09:05.554009

[HOST] Auto install checking...
[HOST] Auto install done.

[HOST] Starting x_auto_forward.py at 2026-06-06 13:09:05.695884
2026-06-06 13:09:11,992 | INFO     | XAutoForwardBot — 🚀 Starting X Auto Forward Bot…
/opt/render/project/src/data/projects/ADMIN/911cbdc5/x_auto_forward.py:749: PTBUserWarning: If 'per_message=False', 'CallbackQueryHandler' will not be tracked for every message. Read this FAQ entry to learn more about the per_* settings: https://github.com/python-telegram-bot/python-telegram-bot/wiki/Frequently-Asked-Questions#what-do-the-per_-settings-in-conversationhandler-do.
  conv = ConversationHandler(
2026-06-06 13:09:15,351 | INFO     | httpx — HTTP Request: POST https://api.telegram.org/bot8966684570:AAEIuVKN_pazun6mSAMHnOKREtn3ZfcaD3c/getMe "HTTP/1.1 401 Unauthorized"
2026-06-06 13:09:15,390 | ERROR    | telegram.ext — Network Retry Loop (Bootstrap Initialize Application): Invalid token. Aborting retry loop.
Traceback (most recent call last):
  File "/opt/render/project/src/.venv/lib/python3.14/site-packages/telegram/_bot.py", line 857, in initialize
    await self.get_me()
  File "/opt/render/project/src/.venv/lib/python3.14/site-packages/telegram/ext/_extbot.py", line 2008, in get_me
    return await super().get_me(
           ^^^^^^^^^^^^^^^^^^^^^
    ...<5 lines>...
    )
    ^
  File "/opt/render/project/src/.venv/lib/python3.14/site-packages/telegram/_bot.py", line 990, in get_me
    result = await self._post(
             ^^^^^^^^^^^^^^^^^
    ...<6 lines>...
    )
    ^
  File "/opt/render/project/src/.venv/lib/python3.14/site-packages/telegram/_bot.py", line 704, in _post
    return await self._do_post(
           ^^^^^^^^^^^^^^^^^^^^
    ...<6 lines>...
    )
    ^
  File "/opt/render/project/src/.venv/lib/python3.14/site-packages/telegram/ext/_extbot.py", line 370, in _do_post
    return await super()._do_post(
           ^^^^^^^^^^^^^^^^^^^^^^^
    ...<6 lines>...
    )
    ^
  File "/opt/render/project/src/.venv/lib/python3.14/site-packages/telegram/_bot.py", line 733, in _do_post
    result = await request.post(
             ^^^^^^^^^^^^^^^^^^^
    ...<6 lines>...
    )
    ^
  File "/opt/render/project/src/.venv/lib/python3.14/site-packages/telegram/request/_baserequest.py", line 198, in post
    result = await self._request_wrapper(
             ^^^^^^^^^^^^^^^^^^^^^^^^^^^^
    ...<7 lines>...
    )
    ^
  File "/opt/render/project/src/.venv/lib/python3.14/site-packages/telegram/request/_baserequest.py", line 375, in _request_wrapper
    raise exception
telegram.error.InvalidToken: Unauthorized

The above exception was the direct cause of the following exception:

Traceback (most recent call last):
  File "/opt/render/project/src/.venv/lib/python3.14/site-packages/telegram/ext/_utils/networkloop.py", line 161, in network_retry_loop
    await do_action()
  File "/opt/render/project/src/.venv/lib/python3.14/site-packages/telegram/ext/_utils/networkloop.py", line 136, in do_action
    await action_cb()
  File "/opt/render/project/src/.venv/lib/python3.14/site-packages/telegram/ext/_application.py", line 489, in initialize
    await self.bot.initialize()
  File "/opt/render/project/src/.venv/lib/python3.14/site-packages/telegram/ext/_extbot.py", line 316, in initialize
    await super().initialize()
  File "/opt/render/project/src/.venv/lib/python3.14/site-packages/telegram/_bot.py", line 860, in initialize
    raise InvalidToken(f"The token `{self._token}` was rejected by the server.") from exc
telegram.error.InvalidToken: The token `8966684570:AAEIuVKN_pazun6mSAMHnOKREtn3ZfcaD3c` was rejected by the server.
Traceback (most recent call last):
  File "/opt/render/project/src/.venv/lib/python3.14/site-packages/telegram/_bot.py", line 857, in initialize
    await self.get_me()
  File "/opt/render/project/src/.venv/lib/python3.14/site-packages/telegram/ext/_extbot.py", line 2008, in get_me
    return await super().get_me(
           ^^^^^^^^^^^^^^^^^^^^^
    ...<5 lines>...
    )
    ^
  File "/opt/render/project/src/.venv/lib/python3.14/site-packages/telegram/_bot.py", line 990, in get_me
    result = await self._post(
             ^^^^^^^^^^^^^^^^^
    ...<6 lines>...
    )
    ^
  File "/opt/render/project/src/.venv/lib/python3.14/site-packages/telegram/_bot.py", line 704, in _post
    return await self._do_post(
           ^^^^^^^^^^^^^^^^^^^^
    ...<6 lines>...
    )
    ^
  File "/opt/render/project/src/.venv/lib/python3.14/site-packages/telegram/ext/_extbot.py", line 370, in _do_post
    return await super()._do_post(
           ^^^^^^^^^^^^^^^^^^^^^^^
    ...<6 lines>...
    )
    ^
  File "/opt/render/project/src/.venv/lib/python3.14/site-packages/telegram/_bot.py", line 733, in _do_post
    result = await request.post(
             ^^^^^^^^^^^^^^^^^^^
    ...<6 lines>...
    )
    ^
  File "/opt/render/project/src/.venv/lib/python3.14/site-packages/telegram/request/_baserequest.py", line 198, in post
    result = await self._request_wrapper(
             ^^^^^^^^^^^^^^^^^^^^^^^^^^^^
    ...<7 lines>...
    )
    ^
  File "/opt/render/project/src/.venv/lib/python3.14/site-packages/telegram/request/_baserequest.py", line 375, in _request_wrapper
    raise exception
telegram.error.InvalidToken: Unauthorized

The above exception was the direct cause of the following exception:

Traceback (most recent call last):
  File "/opt/render/project/src/data/projects/ADMIN/911cbdc5/x_auto_forward.py", line 815, in <module>
    main()
    ~~~~^^
  File "/opt/render/project/src/data/projects/ADMIN/911cbdc5/x_auto_forward.py", line 811, in main
    app.run_polling(allowed_updates=["message", "callback_query"])
    ~~~~~~~~~~~~~~~^^^^^^^^^^^^^^^^^^^^^^^^^^^^^^^^^^^^^^^^^^^^^^^
  File "/opt/render/project/src/.venv/lib/python3.14/site-packages/telegram/ext/_application.py", line 839, in run_polling
    return self.__run(
           ~~~~~~~~~~^
        updater_coroutine=self.updater.start_polling(
        ^^^^^^^^^^^^^^^^^^^^^^^^^^^^^^^^^^^^^^^^^^^^^
    ...<9 lines>...
        close_loop=close_loop,
        ^^^^^^^^^^^^^^^^^^^^^^
    )
    ^
  File "/opt/render/project/src/.venv/lib/python3.14/site-packages/telegram/ext/_application.py", line 1054, in __run
    loop.run_until_complete(self._bootstrap_initialize(max_retries=bootstrap_retries))
    ~~~~~~~~~~~~~~~~~~~~~~~^^^^^^^^^^^^^^^^^^^^^^^^^^^^^^^^^^^^^^^^^^^^^^^^^^^^^^^^^^^
  File "/opt/render/project/python/Python-3.14.3/lib/python3.14/asyncio/base_events.py", line 719, in run_until_complete
    return future.result()
           ~~~~~~~~~~~~~^^
  File "/opt/render/project/src/.venv/lib/python3.14/site-packages/telegram/ext/_application.py", line 1014, in _bootstrap_initialize
    await network_retry_loop(
    ...<4 lines>...
    )
  File "/opt/render/project/src/.venv/lib/python3.14/site-packages/telegram/ext/_utils/networkloop.py", line 161, in network_retry_loop
    await do_action()
  File "/opt/render/project/src/.venv/lib/python3.14/site-packages/telegram/ext/_utils/networkloop.py", line 136, in do_action
    await action_cb()
  File "/opt/render/project/src/.venv/lib/python3.14/site-packages/telegram/ext/_application.py", line 489, in initialize
    await self.bot.initialize()
  File "/opt/render/project/src/.venv/lib/python3.14/site-packages/telegram/ext/_extbot.py", line 316, in initialize
    await super().initialize()
  File "/opt/render/project/src/.venv/lib/python3.14/site-packages/telegram/_bot.py", line 860, in initialize
    raise InvalidToken(f"The token `{self._token}` was rejected by the server.") from exc
telegram.error.InvalidToken: The token `8966684570:AAEIuVKN_pazun6mSAMHnOKREtn3ZfcaD3c` was rejected by the server.

[WATCHDOG] Auto restart at 2026-06-06 13:09:27.689960

[HOST] Auto install checking...
[HOST] Auto install done.

[HOST] Starting x_auto_forward.py at 2026-06-06 13:09:27.992932
2026-06-06 13:09:34,293 | INFO     | XAutoForwardBot — 🚀 Starting X Auto Forward Bot…
/opt/render/project/src/data/projects/ADMIN/911cbdc5/x_auto_forward.py:749: PTBUserWarning: If 'per_message=False', 'CallbackQueryHandler' will not be tracked for every message. Read this FAQ entry to learn more about the per_* settings: https://github.com/python-telegram-bot/python-telegram-bot/wiki/Frequently-Asked-Questions#what-do-the-per_-settings-in-conversationhandler-do.
  conv = ConversationHandler(
2026-06-06 13:09:37,351 | INFO     | httpx — HTTP Request: POST https://api.telegram.org/bot8966684570:AAEIuVKN_pazun6mSAMHnOKREtn3ZfcaD3c/getMe "HTTP/1.1 401 Unauthorized"
2026-06-06 13:09:37,390 | ERROR    | telegram.ext — Network Retry Loop (Bootstrap Initialize Application): Invalid token. Aborting retry loop.
Traceback (most recent call last):
  File "/opt/render/project/src/.venv/lib/python3.14/site-packages/telegram/_bot.py", line 857, in initialize
    await self.get_me()
  File "/opt/render/project/src/.venv/lib/python3.14/site-packages/telegram/ext/_extbot.py", line 2008, in get_me
    return await super().get_me(
           ^^^^^^^^^^^^^^^^^^^^^
    ...<5 lines>...
    )
    ^
  File "/opt/render/project/src/.venv/lib/python3.14/site-packages/telegram/_bot.py", line 990, in get_me
    result = await self._post(
             ^^^^^^^^^^^^^^^^^
    ...<6 lines>...
    )
    ^
  File "/opt/render/project/src/.venv/lib/python3.14/site-packages/telegram/_bot.py", line 704, in _post
    return await self._do_post(
           ^^^^^^^^^^^^^^^^^^^^
    ...<6 lines>...
    )
    ^
  File "/opt/render/project/src/.venv/lib/python3.14/site-packages/telegram/ext/_extbot.py", line 370, in _do_post
    return await super()._do_post(
           ^^^^^^^^^^^^^^^^^^^^^^^
    ...<6 lines>...
    )
    ^
  File "/opt/render/project/src/.venv/lib/python3.14/site-packages/telegram/_bot.py", line 733, in _do_post
    result = await request.post(
             ^^^^^^^^^^^^^^^^^^^
    ...<6 lines>...
    )
    ^
  File "/opt/render/project/src/.venv/lib/python3.14/site-packages/telegram/request/_baserequest.py", line 198, in post
    result = await self._request_wrapper(
             ^^^^^^^^^^^^^^^^^^^^^^^^^^^^
    ...<7 lines>...
    )
    ^
  File "/opt/render/project/src/.venv/lib/python3.14/site-packages/telegram/request/_baserequest.py", line 375, in _request_wrapper
    raise exception
telegram.error.InvalidToken: Unauthorized

The above exception was the direct cause of the following exception:

Traceback (most recent call last):
  File "/opt/render/project/src/.venv/lib/python3.14/site-packages/telegram/ext/_utils/networkloop.py", line 161, in network_retry_loop
    await do_action()
  File "/opt/render/project/src/.venv/lib/python3.14/site-packages/telegram/ext/_utils/networkloop.py", line 136, in do_action
    await action_cb()
  File "/opt/render/project/src/.venv/lib/python3.14/site-packages/telegram/ext/_application.py", line 489, in initialize
    await self.bot.initialize()
  File "/opt/render/project/src/.venv/lib/python3.14/site-packages/telegram/ext/_extbot.py", line 316, in initialize
    await super().initialize()
  File "/opt/render/project/src/.venv/lib/python3.14/site-packages/telegram/_bot.py", line 860, in initialize
    raise InvalidToken(f"The token `{self._token}` was rejected by the server.") from exc
telegram.error.InvalidToken: The token `8966684570:AAEIuVKN_pazun6mSAMHnOKREtn3ZfcaD3c` was rejected by the server.
Traceback (most recent call last):
  File "/opt/render/project/src/.venv/lib/python3.14/site-packages/telegram/_bot.py", line 857, in initialize
    await self.get_me()
  File "/opt/render/project/src/.venv/lib/python3.14/site-packages/telegram/ext/_extbot.py", line 2008, in get_me
    return await super().get_me(
           ^^^^^^^^^^^^^^^^^^^^^
    ...<5 lines>...
    )
    ^
  File "/opt/render/project/src/.venv/lib/python3.14/site-packages/telegram/_bot.py", line 990, in get_me
    result = await self._post(
             ^^^^^^^^^^^^^^^^^
    ...<6 lines>...
    )
    ^
  File "/opt/render/project/src/.venv/lib/python3.14/site-packages/telegram/_bot.py", line 704, in _post
    return await self._do_post(
           ^^^^^^^^^^^^^^^^^^^^
    ...<6 lines>...
    )
    ^
  File "/opt/render/project/src/.venv/lib/python3.14/site-packages/telegram/ext/_extbot.py", line 370, in _do_post
    return await super()._do_post(
           ^^^^^^^^^^^^^^^^^^^^^^^
    ...<6 lines>...
    )
    ^
  File "/opt/render/project/src/.venv/lib/python3.14/site-packages/telegram/_bot.py", line 733, in _do_post
    result = await request.post(
             ^^^^^^^^^^^^^^^^^^^
    ...<6 lines>...
    )
    ^
  File "/opt/render/project/src/.venv/lib/python3.14/site-packages/telegram/request/_baserequest.py", line 198, in post
    result = await self._request_wrapper(
             ^^^^^^^^^^^^^^^^^^^^^^^^^^^^
    ...<7 lines>...
    )
    ^
  File "/opt/render/project/src/.venv/lib/python3.14/site-packages/telegram/request/_baserequest.py", line 375, in _request_wrapper
    raise exception
telegram.error.InvalidToken: Unauthorized

The above exception was the direct cause of the following exception:

Traceback (most recent call last):
  File "/opt/render/project/src/data/projects/ADMIN/911cbdc5/x_auto_forward.py", line 815, in <module>
    main()
    ~~~~^^
  File "/opt/render/project/src/data/projects/ADMIN/911cbdc5/x_auto_forward.py", line 811, in main
    app.run_polling(allowed_updates=["message", "callback_query"])
    ~~~~~~~~~~~~~~~^^^^^^^^^^^^^^^^^^^^^^^^^^^^^^^^^^^^^^^^^^^^^^^
  File "/opt/render/project/src/.venv/lib/python3.14/site-packages/telegram/ext/_application.py", line 839, in run_polling
    return self.__run(
           ~~~~~~~~~~^
        updater_coroutine=self.updater.start_polling(
        ^^^^^^^^^^^^^^^^^^^^^^^^^^^^^^^^^^^^^^^^^^^^^
    ...<9 lines>...
        close_loop=close_loop,
        ^^^^^^^^^^^^^^^^^^^^^^
    )
    ^
  File "/opt/render/project/src/.venv/lib/python3.14/site-packages/telegram/ext/_application.py", line 1054, in __run
    loop.run_until_complete(self._bootstrap_initialize(max_retries=bootstrap_retries))
    ~~~~~~~~~~~~~~~~~~~~~~~^^^^^^^^^^^^^^^^^^^^^^^^^^^^^^^^^^^^^^^^^^^^^^^^^^^^^^^^^^^
  File "/opt/render/project/python/Python-3.14.3/lib/python3.14/asyncio/base_events.py", line 719, in run_until_complete
    return future.result()
           ~~~~~~~~~~~~~^^
  File "/opt/render/project/src/.venv/lib/python3.14/site-packages/telegram/ext/_application.py", line 1014, in _bootstrap_initialize
    await network_retry_loop(
    ...<4 lines>...
    )
  File "/opt/render/project/src/.venv/lib/python3.14/site-packages/telegram/ext/_utils/networkloop.py", line 161, in network_retry_loop
    await do_action()
  File "/opt/render/project/src/.venv/lib/python3.14/site-packages/telegram/ext/_utils/networkloop.py", line 136, in do_action
    await action_cb()
  File "/opt/render/project/src/.venv/lib/python3.14/site-packages/telegram/ext/_application.py", line 489, in initialize
    await self.bot.initialize()
  File "/opt/render/project/src/.venv/lib/python3.14/site-packages/telegram/ext/_extbot.py", line 316, in initialize
    await super().initialize()
  File "/opt/render/project/src/.venv/lib/python3.14/site-packages/telegram/_bot.py", line 860, in initialize
    raise InvalidToken(f"The token `{self._token}` was rejected by the server.") from exc
telegram.error.InvalidToken: The token `8966684570:AAEIuVKN_pazun6mSAMHnOKREtn3ZfcaD3c` was rejected by the server.

[WATCHDOG] Auto restart at 2026-06-06 13:09:49.953330

[HOST] Auto install checking...
[HOST] Auto install done.

[HOST] Starting x_auto_forward.py at 2026-06-06 13:09:50.193143
2026-06-06 13:09:56,392 | INFO     | XAutoForwardBot — 🚀 Starting X Auto Forward Bot…
/opt/render/project/src/data/projects/ADMIN/911cbdc5/x_auto_forward.py:749: PTBUserWarning: If 'per_message=False', 'CallbackQueryHandler' will not be tracked for every message. Read this FAQ entry to learn more about the per_* settings: https://github.com/python-telegram-bot/python-telegram-bot/wiki/Frequently-Asked-Questions#what-do-the-per_-settings-in-conversationhandler-do.
  conv = ConversationHandler(
2026-06-06 13:09:59,689 | INFO     | httpx — HTTP Request: POST https://api.telegram.org/bot8966684570:AAEIuVKN_pazun6mSAMHnOKREtn3ZfcaD3c/getMe "HTTP/1.1 401 Unauthorized"
2026-06-06 13:09:59,690 | ERROR    | telegram.ext — Network Retry Loop (Bootstrap Initialize Application): Invalid token. Aborting retry loop.
Traceback (most recent call last):
  File "/opt/render/project/src/.venv/lib/python3.14/site-packages/telegram/_bot.py", line 857, in initialize
    await self.get_me()
  File "/opt/render/project/src/.venv/lib/python3.14/site-packages/telegram/ext/_extbot.py", line 2008, in get_me
    return await super().get_me(
           ^^^^^^^^^^^^^^^^^^^^^
    ...<5 lines>...
    )
    ^
  File "/opt/render/project/src/.venv/lib/python3.14/site-packages/telegram/_bot.py", line 990, in get_me
    result = await self._post(
             ^^^^^^^^^^^^^^^^^
    ...<6 lines>...
    )
    ^
  File "/opt/render/project/src/.venv/lib/python3.14/site-packages/telegram/_bot.py", line 704, in _post
    return await self._do_post(
           ^^^^^^^^^^^^^^^^^^^^
    ...<6 lines>...
    )
    ^
  File "/opt/render/project/src/.venv/lib/python3.14/site-packages/telegram/ext/_extbot.py", line 370, in _do_post
    return await super()._do_post(
           ^^^^^^^^^^^^^^^^^^^^^^^
    ...<6 lines>...
    )
    ^
  File "/opt/render/project/src/.venv/lib/python3.14/site-packages/telegram/_bot.py", line 733, in _do_post
    result = await request.post(
             ^^^^^^^^^^^^^^^^^^^
    ...<6 lines>...
    )
    ^
  File "/opt/render/project/src/.venv/lib/python3.14/site-packages/telegram/request/_baserequest.py", line 198, in post
    result = await self._request_wrapper(
             ^^^^^^^^^^^^^^^^^^^^^^^^^^^^
    ...<7 lines>...
    )
    ^
  File "/opt/render/project/src/.venv/lib/python3.14/site-packages/telegram/request/_baserequest.py", line 375, in _request_wrapper
    raise exception
telegram.error.InvalidToken: Unauthorized

The above exception was the direct cause of the following exception:

Traceback (most recent call last):
  File "/opt/render/project/src/.venv/lib/python3.14/site-packages/telegram/ext/_utils/networkloop.py", line 161, in network_retry_loop
    await do_action()
  File "/opt/render/project/src/.venv/lib/python3.14/site-packages/telegram/ext/_utils/networkloop.py", line 136, in do_action
    await action_cb()
  File "/opt/render/project/src/.venv/lib/python3.14/site-packages/telegram/ext/_application.py", line 489, in initialize
    await self.bot.initialize()
  File "/opt/render/project/src/.venv/lib/python3.14/site-packages/telegram/ext/_extbot.py", line 316, in initialize
    await super().initialize()
  File "/opt/render/project/src/.venv/lib/python3.14/site-packages/telegram/_bot.py", line 860, in initialize
    raise InvalidToken(f"The token `{self._token}` was rejected by the server.") from exc
telegram.error.InvalidToken: The token `8966684570:AAEIuVKN_pazun6mSAMHnOKREtn3ZfcaD3c` was rejected by the server.
Traceback (most recent call last):
  File "/opt/render/project/src/.venv/lib/python3.14/site-packages/telegram/_bot.py", line 857, in initialize
    await self.get_me()
  File "/opt/render/project/src/.venv/lib/python3.14/site-packages/telegram/ext/_extbot.py", line 2008, in get_me
    return await super().get_me(
           ^^^^^^^^^^^^^^^^^^^^^
    ...<5 lines>...
    )
    ^
  File "/opt/render/project/src/.venv/lib/python3.14/site-packages/telegram/_bot.py", line 990, in get_me
    result = await self._post(
             ^^^^^^^^^^^^^^^^^
    ...<6 lines>...
    )
    ^
  File "/opt/render/project/src/.venv/lib/python3.14/site-packages/telegram/_bot.py", line 704, in _post
    return await self._do_post(
           ^^^^^^^^^^^^^^^^^^^^
    ...<6 lines>...
    )
    ^
  File "/opt/render/project/src/.venv/lib/python3.14/site-packages/telegram/ext/_extbot.py", line 370, in _do_post
    return await super()._do_post(
           ^^^^^^^^^^^^^^^^^^^^^^^
    ...<6 lines>...
    )
    ^
  File "/opt/render/project/src/.venv/lib/python3.14/site-packages/telegram/_bot.py", line 733, in _do_post
    result = await request.post(
             ^^^^^^^^^^^^^^^^^^^
    ...<6 lines>...
    )
    ^
  File "/opt/render/project/src/.venv/lib/python3.14/site-packages/telegram/request/_baserequest.py", line 198, in post
    result = await self._request_wrapper(
             ^^^^^^^^^^^^^^^^^^^^^^^^^^^^
    ...<7 lines>...
    )
    ^
  File "/opt/render/project/src/.venv/lib/python3.14/site-packages/telegram/request/_baserequest.py", line 375, in _request_wrapper
    raise exception
telegram.error.InvalidToken: Unauthorized

The above exception was the direct cause of the following exception:

Traceback (most recent call last):
  File "/opt/render/project/src/data/projects/ADMIN/911cbdc5/x_auto_forward.py", line 815, in <module>
    main()
    ~~~~^^
  File "/opt/render/project/src/data/projects/ADMIN/911cbdc5/x_auto_forward.py", line 811, in main
    app.run_polling(allowed_updates=["message", "callback_query"])
    ~~~~~~~~~~~~~~~^^^^^^^^^^^^^^^^^^^^^^^^^^^^^^^^^^^^^^^^^^^^^^^
  File "/opt/render/project/src/.venv/lib/python3.14/site-packages/telegram/ext/_application.py", line 839, in run_polling
    return self.__run(
           ~~~~~~~~~~^
        updater_coroutine=self.updater.start_polling(
        ^^^^^^^^^^^^^^^^^^^^^^^^^^^^^^^^^^^^^^^^^^^^^
    ...<9 lines>...
        close_loop=close_loop,
        ^^^^^^^^^^^^^^^^^^^^^^
    )
    ^
  File "/opt/render/project/src/.venv/lib/python3.14/site-packages/telegram/ext/_application.py", line 1054, in __run
    loop.run_until_complete(self._bootstrap_initialize(max_retries=bootstrap_retries))
    ~~~~~~~~~~~~~~~~~~~~~~~^^^^^^^^^^^^^^^^^^^^^^^^^^^^^^^^^^^^^^^^^^^^^^^^^^^^^^^^^^^
  File "/opt/render/project/python/Python-3.14.3/lib/python3.14/asyncio/base_events.py", line 719, in run_until_complete
    return future.result()
           ~~~~~~~~~~~~~^^
  File "/opt/render/project/src/.venv/lib/python3.14/site-packages/telegram/ext/_application.py", line 1014, in _bootstrap_initialize
    await network_retry_loop(
    ...<4 lines>...
    )
  File "/opt/render/project/src/.venv/lib/python3.14/site-packages/telegram/ext/_utils/networkloop.py", line 161, in network_retry_loop
    await do_action()
  File "/opt/render/project/src/.venv/lib/python3.14/site-packages/telegram/ext/_utils/networkloop.py", line 136, in do_action
    await action_cb()
  File "/opt/render/project/src/.venv/lib/python3.14/site-packages/telegram/ext/_application.py", line 489, in initialize
    await self.bot.initialize()
  File "/opt/render/project/src/.venv/lib/python3.14/site-packages/telegram/ext/_extbot.py", line 316, in initialize
    await super().initialize()
  File "/opt/render/project/src/.venv/lib/python3.14/site-packages/telegram/_bot.py", line 860, in initialize
    raise InvalidToken(f"The token `{self._token}` was rejected by the server.") from exc
telegram.error.InvalidToken: The token `8966684570:AAEIuVKN_pazun6mSAMHnOKREtn3ZfcaD3c` was rejected by the server.

[WATCHDOG] Auto restart at 2026-06-06 13:10:12.046129

[HOST] Auto install checking...
[HOST] Auto install done.

[HOST] Starting x_auto_forward.py at 2026-06-06 13:10:12.192720
2026-06-06 13:10:18,391 | INFO     | XAutoForwardBot — 🚀 Starting X Auto Forward Bot…
/opt/render/project/src/data/projects/ADMIN/911cbdc5/x_auto_forward.py:749: PTBUserWarning: If 'per_message=False', 'CallbackQueryHandler' will not be tracked for every message. Read this FAQ entry to learn more about the per_* settings: https://github.com/python-telegram-bot/python-telegram-bot/wiki/Frequently-Asked-Questions#what-do-the-per_-settings-in-conversationhandler-do.
  conv = ConversationHandler(
2026-06-06 13:10:21,389 | INFO     | httpx — HTTP Request: POST https://api.telegram.org/bot8966684570:AAEIuVKN_pazun6mSAMHnOKREtn3ZfcaD3c/getMe "HTTP/1.1 401 Unauthorized"
2026-06-06 13:10:21,390 | ERROR    | telegram.ext — Network Retry Loop (Bootstrap Initialize Application): Invalid token. Aborting retry loop.
Traceback (most recent call last):
  File "/opt/render/project/src/.venv/lib/python3.14/site-packages/telegram/_bot.py", line 857, in initialize
    await self.get_me()
  File "/opt/render/project/src/.venv/lib/python3.14/site-packages/telegram/ext/_extbot.py", line 2008, in get_me
    return await super().get_me(
           ^^^^^^^^^^^^^^^^^^^^^
    ...<5 lines>...
    )
    ^
  File "/opt/render/project/src/.venv/lib/python3.14/site-packages/telegram/_bot.py", line 990, in get_me
    result = await self._post(
             ^^^^^^^^^^^^^^^^^
    ...<6 lines>...
    )
    ^
  File "/opt/render/project/src/.venv/lib/python3.14/site-packages/telegram/_bot.py", line 704, in _post
    return await self._do_post(
           ^^^^^^^^^^^^^^^^^^^^
    ...<6 lines>...
    )
    ^
  File "/opt/render/project/src/.venv/lib/python3.14/site-packages/telegram/ext/_extbot.py", line 370, in _do_post
    return await super()._do_post(
           ^^^^^^^^^^^^^^^^^^^^^^^
    ...<6 lines>...
    )
    ^
  File "/opt/render/project/src/.venv/lib/python3.14/site-packages/telegram/_bot.py", line 733, in _do_post
    result = await request.post(
             ^^^^^^^^^^^^^^^^^^^
    ...<6 lines>...
    )
    ^
  File "/opt/render/project/src/.venv/lib/python3.14/site-packages/telegram/request/_baserequest.py", line 198, in post
    result = await self._request_wrapper(
             ^^^^^^^^^^^^^^^^^^^^^^^^^^^^
    ...<7 lines>...
    )
    ^
  File "/opt/render/project/src/.venv/lib/python3.14/site-packages/telegram/request/_baserequest.py", line 375, in _request_wrapper
    raise exception
telegram.error.InvalidToken: Unauthorized

The above exception was the direct cause of the following exception:

Traceback (most recent call last):
  File "/opt/render/project/src/.venv/lib/python3.14/site-packages/telegram/ext/_utils/networkloop.py", line 161, in network_retry_loop
    await do_action()
  File "/opt/render/project/src/.venv/lib/python3.14/site-packages/telegram/ext/_utils/networkloop.py", line 136, in do_action
    await action_cb()
  File "/opt/render/project/src/.venv/lib/python3.14/site-packages/telegram/ext/_application.py", line 489, in initialize
    await self.bot.initialize()
  File "/opt/render/project/src/.venv/lib/python3.14/site-packages/telegram/ext/_extbot.py", line 316, in initialize
    await super().initialize()
  File "/opt/render/project/src/.venv/lib/python3.14/site-packages/telegram/_bot.py", line 860, in initialize
    raise InvalidToken(f"The token `{self._token}` was rejected by the server.") from exc
telegram.error.InvalidToken: The token `8966684570:AAEIuVKN_pazun6mSAMHnOKREtn3ZfcaD3c` was rejected by the server.
Traceback (most recent call last):
  File "/opt/render/project/src/.venv/lib/python3.14/site-packages/telegram/_bot.py", line 857, in initialize
    await self.get_me()
  File "/opt/render/project/src/.venv/lib/python3.14/site-packages/telegram/ext/_extbot.py", line 2008, in get_me
    return await super().get_me(
           ^^^^^^^^^^^^^^^^^^^^^
    ...<5 lines>...
    )
    ^
  File "/opt/render/project/src/.venv/lib/python3.14/site-packages/telegram/_bot.py", line 990, in get_me
    result = await self._post(
             ^^^^^^^^^^^^^^^^^
    ...<6 lines>...
    )
    ^
  File "/opt/render/project/src/.venv/lib/python3.14/site-packages/telegram/_bot.py", line 704, in _post
    return await self._do_post(
           ^^^^^^^^^^^^^^^^^^^^
    ...<6 lines>...
    )
    ^
  File "/opt/render/project/src/.venv/lib/python3.14/site-packages/telegram/ext/_extbot.py", line 370, in _do_post
    return await super()._do_post(
           ^^^^^^^^^^^^^^^^^^^^^^^
    ...<6 lines>...
    )
    ^
  File "/opt/render/project/src/.venv/lib/python3.14/site-packages/telegram/_bot.py", line 733, in _do_post
    result = await request.post(
             ^^^^^^^^^^^^^^^^^^^
    ...<6 lines>...
    )
    ^
  File "/opt/render/project/src/.venv/lib/python3.14/site-packages/telegram/request/_baserequest.py", line 198, in post
    result = await self._request_wrapper(
             ^^^^^^^^^^^^^^^^^^^^^^^^^^^^
    ...<7 lines>...
    )
    ^
  File "/opt/render/project/src/.venv/lib/python3.14/site-packages/telegram/request/_baserequest.py", line 375, in _request_wrapper
    raise exception
telegram.error.InvalidToken: Unauthorized

The above exception was the direct cause of the following exception:

Traceback (most recent call last):
  File "/opt/render/project/src/data/projects/ADMIN/911cbdc5/x_auto_forward.py", line 815, in <module>
    main()
    ~~~~^^
  File "/opt/render/project/src/data/projects/ADMIN/911cbdc5/x_auto_forward.py", line 811, in main
    app.run_polling(allowed_updates=["message", "callback_query"])
    ~~~~~~~~~~~~~~~^^^^^^^^^^^^^^^^^^^^^^^^^^^^^^^^^^^^^^^^^^^^^^^
  File "/opt/render/project/src/.venv/lib/python3.14/site-packages/telegram/ext/_application.py", line 839, in run_polling
    return self.__run(
           ~~~~~~~~~~^
        updater_coroutine=self.updater.start_polling(
        ^^^^^^^^^^^^^^^^^^^^^^^^^^^^^^^^^^^^^^^^^^^^^
    ...<9 lines>...
        close_loop=close_loop,
        ^^^^^^^^^^^^^^^^^^^^^^
    )
    ^
  File "/opt/render/project/src/.venv/lib/python3.14/site-packages/telegram/ext/_application.py", line 1054, in __run
    loop.run_until_complete(self._bootstrap_initialize(max_retries=bootstrap_retries))
    ~~~~~~~~~~~~~~~~~~~~~~~^^^^^^^^^^^^^^^^^^^^^^^^^^^^^^^^^^^^^^^^^^^^^^^^^^^^^^^^^^^
  File "/opt/render/project/python/Python-3.14.3/lib/python3.14/asyncio/base_events.py", line 719, in run_until_complete
    return future.result()
           ~~~~~~~~~~~~~^^
  File "/opt/render/project/src/.venv/lib/python3.14/site-packages/telegram/ext/_application.py", line 1014, in _bootstrap_initialize
    await network_retry_loop(
    ...<4 lines>...
    )
  File "/opt/render/project/src/.venv/lib/python3.14/site-packages/telegram/ext/_utils/networkloop.py", line 161, in network_retry_loop
    await do_action()
  File "/opt/render/project/src/.venv/lib/python3.14/site-packages/telegram/ext/_utils/networkloop.py", line 136, in do_action
    await action_cb()
  File "/opt/render/project/src/.venv/lib/python3.14/site-packages/telegram/ext/_application.py", line 489, in initialize
    await self.bot.initialize()
  File "/opt/render/project/src/.venv/lib/python3.14/site-packages/telegram/ext/_extbot.py", line 316, in initialize
    await super().initialize()
  File "/opt/render/project/src/.venv/lib/python3.14/site-packages/telegram/_bot.py", line 860, in initialize
    raise InvalidToken(f"The token `{self._token}` was rejected by the server.") from exc
telegram.error.InvalidToken: The token `8966684570:AAEIuVKN_pazun6mSAMHnOKREtn3ZfcaD3c` was rejected by the server.

[WATCHDOG] Auto restart at 2026-06-06 13:10:33.943784

[HOST] Auto install checking...
[HOST] Auto install done.

[HOST] Starting x_auto_forward.py at 2026-06-06 13:10:34.194152
2026-06-06 13:10:40,690 | INFO     | XAutoForwardBot — 🚀 Starting X Auto Forward Bot…
/opt/render/project/src/data/projects/ADMIN/911cbdc5/x_auto_forward.py:749: PTBUserWarning: If 'per_message=False', 'CallbackQueryHandler' will not be tracked for every message. Read this FAQ entry to learn more about the per_* settings: https://github.com/python-telegram-bot/python-telegram-bot/wiki/Frequently-Asked-Questions#what-do-the-per_-settings-in-conversationhandler-do.
  conv = ConversationHandler(
2026-06-06 13:10:44,051 | INFO     | httpx — HTTP Request: POST https://api.telegram.org/bot8966684570:AAEIuVKN_pazun6mSAMHnOKREtn3ZfcaD3c/getMe "HTTP/1.1 401 Unauthorized"
2026-06-06 13:10:44,090 | ERROR    | telegram.ext — Network Retry Loop (Bootstrap Initialize Application): Invalid token. Aborting retry loop.
Traceback (most recent call last):
  File "/opt/render/project/src/.venv/lib/python3.14/site-packages/telegram/_bot.py", line 857, in initialize
    await self.get_me()
  File "/opt/render/project/src/.venv/lib/python3.14/site-packages/telegram/ext/_extbot.py", line 2008, in get_me
    return await super().get_me(
           ^^^^^^^^^^^^^^^^^^^^^
    ...<5 lines>...
    )
    ^
  File "/opt/render/project/src/.venv/lib/python3.14/site-packages/telegram/_bot.py", line 990, in get_me
    result = await self._post(
             ^^^^^^^^^^^^^^^^^
    ...<6 lines>...
    )
    ^
  File "/opt/render/project/src/.venv/lib/python3.14/site-packages/telegram/_bot.py", line 704, in _post
    return await self._do_post(
           ^^^^^^^^^^^^^^^^^^^^
    ...<6 lines>...
    )
    ^
  File "/opt/render/project/src/.venv/lib/python3.14/site-packages/telegram/ext/_extbot.py", line 370, in _do_post
    return await super()._do_post(
           ^^^^^^^^^^^^^^^^^^^^^^^
    ...<6 lines>...
    )
    ^
  File "/opt/render/project/src/.venv/lib/python3.14/site-packages/telegram/_bot.py", line 733, in _do_post
    result = await request.post(
             ^^^^^^^^^^^^^^^^^^^
    ...<6 lines>...
    )
    ^
  File "/opt/render/project/src/.venv/lib/python3.14/site-packages/telegram/request/_baserequest.py", line 198, in post
    result = await self._request_wrapper(
             ^^^^^^^^^^^^^^^^^^^^^^^^^^^^
    ...<7 lines>...
    )
    ^
  File "/opt/render/project/src/.venv/lib/python3.14/site-packages/telegram/request/_baserequest.py", line 375, in _request_wrapper
    raise exception
telegram.error.InvalidToken: Unauthorized

The above exception was the direct cause of the following exception:

Traceback (most recent call last):
  File "/opt/render/project/src/.venv/lib/python3.14/site-packages/telegram/ext/_utils/networkloop.py", line 161, in network_retry_loop
    await do_action()
  File "/opt/render/project/src/.venv/lib/python3.14/site-packages/telegram/ext/_utils/networkloop.py", line 136, in do_action
    await action_cb()
  File "/opt/render/project/src/.venv/lib/python3.14/site-packages/telegram/ext/_application.py", line 489, in initialize
    await self.bot.initialize()
  File "/opt/render/project/src/.venv/lib/python3.14/site-packages/telegram/ext/_extbot.py", line 316, in initialize
    await super().initialize()
  File "/opt/render/project/src/.venv/lib/python3.14/site-packages/telegram/_bot.py", line 860, in initialize
    raise InvalidToken(f"The token `{self._token}` was rejected by the server.") from exc
telegram.error.InvalidToken: The token `8966684570:AAEIuVKN_pazun6mSAMHnOKREtn3ZfcaD3c` was rejected by the server.
Traceback (most recent call last):
  File "/opt/render/project/src/.venv/lib/python3.14/site-packages/telegram/_bot.py", line 857, in initialize
    await self.get_me()
  File "/opt/render/project/src/.venv/lib/python3.14/site-packages/telegram/ext/_extbot.py", line 2008, in get_me
    return await super().get_me(
           ^^^^^^^^^^^^^^^^^^^^^
    ...<5 lines>...
    )
    ^
  File "/opt/render/project/src/.venv/lib/python3.14/site-packages/telegram/_bot.py", line 990, in get_me
    result = await self._post(
             ^^^^^^^^^^^^^^^^^
    ...<6 lines>...
    )
    ^
  File "/opt/render/project/src/.venv/lib/python3.14/site-packages/telegram/_bot.py", line 704, in _post
    return await self._do_post(
           ^^^^^^^^^^^^^^^^^^^^
    ...<6 lines>...
    )
    ^
  File "/opt/render/project/src/.venv/lib/python3.14/site-packages/telegram/ext/_extbot.py", line 370, in _do_post
    return await super()._do_post(
           ^^^^^^^^^^^^^^^^^^^^^^^
    ...<6 lines>...
    )
    ^
  File "/opt/render/project/src/.venv/lib/python3.14/site-packages/telegram/_bot.py", line 733, in _do_post
    result = await request.post(
             ^^^^^^^^^^^^^^^^^^^
    ...<6 lines>...
    )
    ^
  File "/opt/render/project/src/.venv/lib/python3.14/site-packages/telegram/request/_baserequest.py", line 198, in post
    result = await self._request_wrapper(
             ^^^^^^^^^^^^^^^^^^^^^^^^^^^^
    ...<7 lines>...
    )
    ^
  File "/opt/render/project/src/.venv/lib/python3.14/site-packages/telegram/request/_baserequest.py", line 375, in _request_wrapper
    raise exception
telegram.error.InvalidToken: Unauthorized

The above exception was the direct cause of the following exception:

Traceback (most recent call last):
  File "/opt/render/project/src/data/projects/ADMIN/911cbdc5/x_auto_forward.py", line 815, in <module>
    main()
    ~~~~^^
  File "/opt/render/project/src/data/projects/ADMIN/911cbdc5/x_auto_forward.py", line 811, in main
    app.run_polling(allowed_updates=["message", "callback_query"])
    ~~~~~~~~~~~~~~~^^^^^^^^^^^^^^^^^^^^^^^^^^^^^^^^^^^^^^^^^^^^^^^
  File "/opt/render/project/src/.venv/lib/python3.14/site-packages/telegram/ext/_application.py", line 839, in run_polling
    return self.__run(
           ~~~~~~~~~~^
        updater_coroutine=self.updater.start_polling(
        ^^^^^^^^^^^^^^^^^^^^^^^^^^^^^^^^^^^^^^^^^^^^^
    ...<9 lines>...
        close_loop=close_loop,
        ^^^^^^^^^^^^^^^^^^^^^^
    )
    ^
  File "/opt/render/project/src/.venv/lib/python3.14/site-packages/telegram/ext/_application.py", line 1054, in __run
    loop.run_until_complete(self._bootstrap_initialize(max_retries=bootstrap_retries))
    ~~~~~~~~~~~~~~~~~~~~~~~^^^^^^^^^^^^^^^^^^^^^^^^^^^^^^^^^^^^^^^^^^^^^^^^^^^^^^^^^^^
  File "/opt/render/project/python/Python-3.14.3/lib/python3.14/asyncio/base_events.py", line 719, in run_until_complete
    return future.result()
           ~~~~~~~~~~~~~^^
  File "/opt/render/project/src/.venv/lib/python3.14/site-packages/telegram/ext/_application.py", line 1014, in _bootstrap_initialize
    await network_retry_loop(
    ...<4 lines>...
    )
  File "/opt/render/project/src/.venv/lib/python3.14/site-packages/telegram/ext/_utils/networkloop.py", line 161, in network_retry_loop
    await do_action()
  File "/opt/render/project/src/.venv/lib/python3.14/site-packages/telegram/ext/_utils/networkloop.py", line 136, in do_action
    await action_cb()
  File "/opt/render/project/src/.venv/lib/python3.14/site-packages/telegram/ext/_application.py", line 489, in initialize
    await self.bot.initialize()
  File "/opt/render/project/src/.venv/lib/python3.14/site-packages/telegram/ext/_extbot.py", line 316, in initialize
    await super().initialize()
  File "/opt/render/project/src/.venv/lib/python3.14/site-packages/telegram/_bot.py", line 860, in initialize
    raise InvalidToken(f"The token `{self._token}` was rejected by the server.") from exc
telegram.error.InvalidToken: The token `8966684570:AAEIuVKN_pazun6mSAMHnOKREtn3ZfcaD3c` was rejected by the server.

[WATCHDOG] Auto restart at 2026-06-06 13:10:55.951937

[HOST] Auto install checking...
[HOST] Auto install done.

[HOST] Starting x_auto_forward.py at 2026-06-06 13:10:56.092205
2026-06-06 13:11:01,990 | INFO     | XAutoForwardBot — 🚀 Starting X Auto Forward Bot…
/opt/render/project/src/data/projects/ADMIN/911cbdc5/x_auto_forward.py:749: PTBUserWarning: If 'per_message=False', 'CallbackQueryHandler' will not be tracked for every message. Read this FAQ entry to learn more about the per_* settings: https://github.com/python-telegram-bot/python-telegram-bot/wiki/Frequently-Asked-Questions#what-do-the-per_-settings-in-conversationhandler-do.
  conv = ConversationHandler(
2026-06-06 13:11:05,589 | INFO     | httpx — HTTP Request: POST https://api.telegram.org/bot8966684570:AAEIuVKN_pazun6mSAMHnOKREtn3ZfcaD3c/getMe "HTTP/1.1 401 Unauthorized"
2026-06-06 13:11:05,590 | ERROR    | telegram.ext — Network Retry Loop (Bootstrap Initialize Application): Invalid token. Aborting retry loop.
Traceback (most recent call last):
  File "/opt/render/project/src/.venv/lib/python3.14/site-packages/telegram/_bot.py", line 857, in initialize
    await self.get_me()
  File "/opt/render/project/src/.venv/lib/python3.14/site-packages/telegram/ext/_extbot.py", line 2008, in get_me
    return await super().get_me(
           ^^^^^^^^^^^^^^^^^^^^^
    ...<5 lines>...
    )
    ^
  File "/opt/render/project/src/.venv/lib/python3.14/site-packages/telegram/_bot.py", line 990, in get_me
    result = await self._post(
             ^^^^^^^^^^^^^^^^^
    ...<6 lines>...
    )
    ^
  File "/opt/render/project/src/.venv/lib/python3.14/site-packages/telegram/_bot.py", line 704, in _post
    return await self._do_post(
           ^^^^^^^^^^^^^^^^^^^^
    ...<6 lines>...
    )
    ^
  File "/opt/render/project/src/.venv/lib/python3.14/site-packages/telegram/ext/_extbot.py", line 370, in _do_post
    return await super()._do_post(
           ^^^^^^^^^^^^^^^^^^^^^^^
    ...<6 lines>...
    )
    ^
  File "/opt/render/project/src/.venv/lib/python3.14/site-packages/telegram/_bot.py", line 733, in _do_post
    result = await request.post(
             ^^^^^^^^^^^^^^^^^^^
    ...<6 lines>...
    )
    ^
  File "/opt/render/project/src/.venv/lib/python3.14/site-packages/telegram/request/_baserequest.py", line 198, in post
    result = await self._request_wrapper(
             ^^^^^^^^^^^^^^^^^^^^^^^^^^^^
    ...<7 lines>...
    )
    ^
  File "/opt/render/project/src/.venv/lib/python3.14/site-packages/telegram/request/_baserequest.py", line 375, in _request_wrapper
    raise exception
telegram.error.InvalidToken: Unauthorized

The above exception was the direct cause of the following exception:

Traceback (most recent call last):
  File "/opt/render/project/src/.venv/lib/python3.14/site-packages/telegram/ext/_utils/networkloop.py", line 161, in network_retry_loop
    await do_action()
  File "/opt/render/project/src/.venv/lib/python3.14/site-packages/telegram/ext/_utils/networkloop.py", line 136, in do_action
    await action_cb()
  File "/opt/render/project/src/.venv/lib/python3.14/site-packages/telegram/ext/_application.py", line 489, in initialize
    await self.bot.initialize()
  File "/opt/render/project/src/.venv/lib/python3.14/site-packages/telegram/ext/_extbot.py", line 316, in initialize
    await super().initialize()
  File "/opt/render/project/src/.venv/lib/python3.14/site-packages/telegram/_bot.py", line 860, in initialize
    raise InvalidToken(f"The token `{self._token}` was rejected by the server.") from exc
telegram.error.InvalidToken: The token `8966684570:AAEIuVKN_pazun6mSAMHnOKREtn3ZfcaD3c` was rejected by the server.
Traceback (most recent call last):
  File "/opt/render/project/src/.venv/lib/python3.14/site-packages/telegram/_bot.py", line 857, in initialize
    await self.get_me()
  File "/opt/render/project/src/.venv/lib/python3.14/site-packages/telegram/ext/_extbot.py", line 2008, in get_me
    return await super().get_me(
           ^^^^^^^^^^^^^^^^^^^^^
    ...<5 lines>...
    )
    ^
  File "/opt/render/project/src/.venv/lib/python3.14/site-packages/telegram/_bot.py", line 990, in get_me
    result = await self._post(
             ^^^^^^^^^^^^^^^^^
    ...<6 lines>...
    )
    ^
  File "/opt/render/project/src/.venv/lib/python3.14/site-packages/telegram/_bot.py", line 704, in _post
    return await self._do_post(
           ^^^^^^^^^^^^^^^^^^^^
    ...<6 lines>...
    )
    ^
  File "/opt/render/project/src/.venv/lib/python3.14/site-packages/telegram/ext/_extbot.py", line 370, in _do_post
    return await super()._do_post(
           ^^^^^^^^^^^^^^^^^^^^^^^
    ...<6 lines>...
    )
    ^
  File "/opt/render/project/src/.venv/lib/python3.14/site-packages/telegram/_bot.py", line 733, in _do_post
    result = await request.post(
             ^^^^^^^^^^^^^^^^^^^
    ...<6 lines>...
    )
    ^
  File "/opt/render/project/src/.venv/lib/python3.14/site-packages/telegram/request/_baserequest.py", line 198, in post
    result = await self._request_wrapper(
             ^^^^^^^^^^^^^^^^^^^^^^^^^^^^
    ...<7 lines>...
    )
    ^
  File "/opt/render/project/src/.venv/lib/python3.14/site-packages/telegram/request/_baserequest.py", line 375, in _request_wrapper
    raise exception
telegram.error.InvalidToken: Unauthorized

The above exception was the direct cause of the following exception:

Traceback (most recent call last):
  File "/opt/render/project/src/data/projects/ADMIN/911cbdc5/x_auto_forward.py", line 815, in <module>
    main()
    ~~~~^^
  File "/opt/render/project/src/data/projects/ADMIN/911cbdc5/x_auto_forward.py", line 811, in main
    app.run_polling(allowed_updates=["message", "callback_query"])
    ~~~~~~~~~~~~~~~^^^^^^^^^^^^^^^^^^^^^^^^^^^^^^^^^^^^^^^^^^^^^^^
  File "/opt/render/project/src/.venv/lib/python3.14/site-packages/telegram/ext/_application.py", line 839, in run_polling
    return self.__run(
           ~~~~~~~~~~^
        updater_coroutine=self.updater.start_polling(
        ^^^^^^^^^^^^^^^^^^^^^^^^^^^^^^^^^^^^^^^^^^^^^
    ...<9 lines>...
        close_loop=close_loop,
        ^^^^^^^^^^^^^^^^^^^^^^
    )
    ^
  File "/opt/render/project/src/.venv/lib/python3.14/site-packages/telegram/ext/_application.py", line 1054, in __run
    loop.run_until_complete(self._bootstrap_initialize(max_retries=bootstrap_retries))
    ~~~~~~~~~~~~~~~~~~~~~~~^^^^^^^^^^^^^^^^^^^^^^^^^^^^^^^^^^^^^^^^^^^^^^^^^^^^^^^^^^^
  File "/opt/render/project/python/Python-3.14.3/lib/python3.14/asyncio/base_events.py", line 719, in run_until_complete
    return future.result()
           ~~~~~~~~~~~~~^^
  File "/opt/render/project/src/.venv/lib/python3.14/site-packages/telegram/ext/_application.py", line 1014, in _bootstrap_initialize
    await network_retry_loop(
    ...<4 lines>...
    )
  File "/opt/render/project/src/.venv/lib/python3.14/site-packages/telegram/ext/_utils/networkloop.py", line 161, in network_retry_loop
    await do_action()
  File "/opt/render/project/src/.venv/lib/python3.14/site-packages/telegram/ext/_utils/networkloop.py", line 136, in do_action
    await action_cb()
  File "/opt/render/project/src/.venv/lib/python3.14/site-packages/telegram/ext/_application.py", line 489, in initialize
    await self.bot.initialize()
  File "/opt/render/project/src/.venv/lib/python3.14/site-packages/telegram/ext/_extbot.py", line 316, in initialize
    await super().initialize()
  File "/opt/render/project/src/.venv/lib/python3.14/site-packages/telegram/_bot.py", line 860, in initialize
    raise InvalidToken(f"The token `{self._token}` was rejected by the server.") from exc
telegram.error.InvalidToken: The token `8966684570:AAEIuVKN_pazun6mSAMHnOKREtn3ZfcaD3c` was rejected by the server.

[WATCHDOG] Auto restart at 2026-06-06 13:11:18.153995

[HOST] Auto install checking...
[HOST] Auto install done.

[HOST] Starting x_auto_forward.py at 2026-06-06 13:11:18.292830
2026-06-06 13:11:24,493 | INFO     | XAutoForwardBot — 🚀 Starting X Auto Forward Bot…
/opt/render/project/src/data/projects/ADMIN/911cbdc5/x_auto_forward.py:749: PTBUserWarning: If 'per_message=False', 'CallbackQueryHandler' will not be tracked for every message. Read this FAQ entry to learn more about the per_* settings: https://github.com/python-telegram-bot/python-telegram-bot/wiki/Frequently-Asked-Questions#what-do-the-per_-settings-in-conversationhandler-do.
  conv = ConversationHandler(
2026-06-06 13:11:27,690 | INFO     | httpx — HTTP Request: POST https://api.telegram.org/bot8966684570:AAEIuVKN_pazun6mSAMHnOKREtn3ZfcaD3c/getMe "HTTP/1.1 401 Unauthorized"
2026-06-06 13:11:27,691 | ERROR    | telegram.ext — Network Retry Loop (Bootstrap Initialize Application): Invalid token. Aborting retry loop.
Traceback (most recent call last):
  File "/opt/render/project/src/.venv/lib/python3.14/site-packages/telegram/_bot.py", line 857, in initialize
    await self.get_me()
  File "/opt/render/project/src/.venv/lib/python3.14/site-packages/telegram/ext/_extbot.py", line 2008, in get_me
    return await super().get_me(
           ^^^^^^^^^^^^^^^^^^^^^
    ...<5 lines>...
    )
    ^
  File "/opt/render/project/src/.venv/lib/python3.14/site-packages/telegram/_bot.py", line 990, in get_me
    result = await self._post(
             ^^^^^^^^^^^^^^^^^
    ...<6 lines>...
    )
    ^
  File "/opt/render/project/src/.venv/lib/python3.14/site-packages/telegram/_bot.py", line 704, in _post
    return await self._do_post(
           ^^^^^^^^^^^^^^^^^^^^
    ...<6 lines>...
    )
    ^
  File "/opt/render/project/src/.venv/lib/python3.14/site-packages/telegram/ext/_extbot.py", line 370, in _do_post
    return await super()._do_post(
           ^^^^^^^^^^^^^^^^^^^^^^^
    ...<6 lines>...
    )
    ^
  File "/opt/render/project/src/.venv/lib/python3.14/site-packages/telegram/_bot.py", line 733, in _do_post
    result = await request.post(
             ^^^^^^^^^^^^^^^^^^^
    ...<6 lines>...
    )
    ^
  File "/opt/render/project/src/.venv/lib/python3.14/site-packages/telegram/request/_baserequest.py", line 198, in post
    result = await self._request_wrapper(
             ^^^^^^^^^^^^^^^^^^^^^^^^^^^^
    ...<7 lines>...
    )
    ^
  File "/opt/render/project/src/.venv/lib/python3.14/site-packages/telegram/request/_baserequest.py", line 375, in _request_wrapper
    raise exception
telegram.error.InvalidToken: Unauthorized

The above exception was the direct cause of the following exception:

Traceback (most recent call last):
  File "/opt/render/project/src/.venv/lib/python3.14/site-packages/telegram/ext/_utils/networkloop.py", line 161, in network_retry_loop
    await do_action()
  File "/opt/render/project/src/.venv/lib/python3.14/site-packages/telegram/ext/_utils/networkloop.py", line 136, in do_action
    await action_cb()
  File "/opt/render/project/src/.venv/lib/python3.14/site-packages/telegram/ext/_application.py", line 489, in initialize
    await self.bot.initialize()
  File "/opt/render/project/src/.venv/lib/python3.14/site-packages/telegram/ext/_extbot.py", line 316, in initialize
    await super().initialize()
  File "/opt/render/project/src/.venv/lib/python3.14/site-packages/telegram/_bot.py", line 860, in initialize
    raise InvalidToken(f"The token `{self._token}` was rejected by the server.") from exc
telegram.error.InvalidToken: The token `8966684570:AAEIuVKN_pazun6mSAMHnOKREtn3ZfcaD3c` was rejected by the server.
Traceback (most recent call last):
  File "/opt/render/project/src/.venv/lib/python3.14/site-packages/telegram/_bot.py", line 857, in initialize
    await self.get_me()
  File "/opt/render/project/src/.venv/lib/python3.14/site-packages/telegram/ext/_extbot.py", line 2008, in get_me
    return await super().get_me(
           ^^^^^^^^^^^^^^^^^^^^^
    ...<5 lines>...
    )
    ^
  File "/opt/render/project/src/.venv/lib/python3.14/site-packages/telegram/_bot.py", line 990, in get_me
    result = await self._post(
             ^^^^^^^^^^^^^^^^^
    ...<6 lines>...
    )
    ^
  File "/opt/render/project/src/.venv/lib/python3.14/site-packages/telegram/_bot.py", line 704, in _post
    return await self._do_post(
           ^^^^^^^^^^^^^^^^^^^^
    ...<6 lines>...
    )
    ^
  File "/opt/render/project/src/.venv/lib/python3.14/site-packages/telegram/ext/_extbot.py", line 370, in _do_post
    return await super()._do_post(
           ^^^^^^^^^^^^^^^^^^^^^^^
    ...<6 lines>...
    )
    ^
  File "/opt/render/project/src/.venv/lib/python3.14/site-packages/telegram/_bot.py", line 733, in _do_post
    result = await request.post(
             ^^^^^^^^^^^^^^^^^^^
    ...<6 lines>...
    )
    ^
  File "/opt/render/project/src/.venv/lib/python3.14/site-packages/telegram/request/_baserequest.py", line 198, in post
    result = await self._request_wrapper(
             ^^^^^^^^^^^^^^^^^^^^^^^^^^^^
    ...<7 lines>...
    )
    ^
  File "/opt/render/project/src/.venv/lib/python3.14/site-packages/telegram/request/_baserequest.py", line 375, in _request_wrapper
    raise exception
telegram.error.InvalidToken: Unauthorized

The above exception was the direct cause of the following exception:

Traceback (most recent call last):
  File "/opt/render/project/src/data/projects/ADMIN/911cbdc5/x_auto_forward.py", line 815, in <module>
    main()
    ~~~~^^
  File "/opt/render/project/src/data/projects/ADMIN/911cbdc5/x_auto_forward.py", line 811, in main
    app.run_polling(allowed_updates=["message", "callback_query"])
    ~~~~~~~~~~~~~~~^^^^^^^^^^^^^^^^^^^^^^^^^^^^^^^^^^^^^^^^^^^^^^^
  File "/opt/render/project/src/.venv/lib/python3.14/site-packages/telegram/ext/_application.py", line 839, in run_polling
    return self.__run(
           ~~~~~~~~~~^
        updater_coroutine=self.updater.start_polling(
        ^^^^^^^^^^^^^^^^^^^^^^^^^^^^^^^^^^^^^^^^^^^^^
    ...<9 lines>...
        close_loop=close_loop,
        ^^^^^^^^^^^^^^^^^^^^^^
    )
    ^
  File "/opt/render/project/src/.venv/lib/python3.14/site-packages/telegram/ext/_application.py", line 1054, in __run
    loop.run_until_complete(self._bootstrap_initialize(max_retries=bootstrap_retries))
    ~~~~~~~~~~~~~~~~~~~~~~~^^^^^^^^^^^^^^^^^^^^^^^^^^^^^^^^^^^^^^^^^^^^^^^^^^^^^^^^^^^
  File "/opt/render/project/python/Python-3.14.3/lib/python3.14/asyncio/base_events.py", line 719, in run_until_complete
    return future.result()
           ~~~~~~~~~~~~~^^
  File "/opt/render/project/src/.venv/lib/python3.14/site-packages/telegram/ext/_application.py", line 1014, in _bootstrap_initialize
    await network_retry_loop(
    ...<4 lines>...
    )
  File "/opt/render/project/src/.venv/lib/python3.14/site-packages/telegram/ext/_utils/networkloop.py", line 161, in network_retry_loop
    await do_action()
  File "/opt/render/project/src/.venv/lib/python3.14/site-packages/telegram/ext/_utils/networkloop.py", line 136, in do_action
    await action_cb()
  File "/opt/render/project/src/.venv/lib/python3.14/site-packages/telegram/ext/_application.py", line 489, in initialize
    await self.bot.initialize()
  File "/opt/render/project/src/.venv/lib/python3.14/site-packages/telegram/ext/_extbot.py", line 316, in initialize
    await super().initialize()
  File "/opt/render/project/src/.venv/lib/python3.14/site-packages/telegram/_bot.py", line 860, in initialize
    raise InvalidToken(f"The token `{self._token}` was rejected by the server.") from exc
telegram.error.InvalidToken: The token `8966684570:AAEIuVKN_pazun6mSAMHnOKREtn3ZfcaD3c` was rejected by the server.

[WATCHDOG] Auto restart at 2026-06-06 13:11:40.350907

[HOST] Auto install checking...
[HOST] Auto install done.

[HOST] Starting x_auto_forward.py at 2026-06-06 13:11:40.494302
2026-06-06 13:11:46,694 | INFO     | XAutoForwardBot — 🚀 Starting X Auto Forward Bot…
/opt/render/project/src/data/projects/ADMIN/911cbdc5/x_auto_forward.py:749: PTBUserWarning: If 'per_message=False', 'CallbackQueryHandler' will not be tracked for every message. Read this FAQ entry to learn more about the per_* settings: https://github.com/python-telegram-bot/python-telegram-bot/wiki/Frequently-Asked-Questions#what-do-the-per_-settings-in-conversationhandler-do.
  conv = ConversationHandler(
2026-06-06 13:11:49,989 | INFO     | httpx — HTTP Request: POST https://api.telegram.org/bot8966684570:AAEIuVKN_pazun6mSAMHnOKREtn3ZfcaD3c/getMe "HTTP/1.1 401 Unauthorized"
2026-06-06 13:11:49,990 | ERROR    | telegram.ext — Network Retry Loop (Bootstrap Initialize Application): Invalid token. Aborting retry loop.
Traceback (most recent call last):
  File "/opt/render/project/src/.venv/lib/python3.14/site-packages/telegram/_bot.py", line 857, in initialize
    await self.get_me()
  File "/opt/render/project/src/.venv/lib/python3.14/site-packages/telegram/ext/_extbot.py", line 2008, in get_me
    return await super().get_me(
           ^^^^^^^^^^^^^^^^^^^^^
    ...<5 lines>...
    )
    ^
  File "/opt/render/project/src/.venv/lib/python3.14/site-packages/telegram/_bot.py", line 990, in get_me
    result = await self._post(
             ^^^^^^^^^^^^^^^^^
    ...<6 lines>...
    )
    ^
  File "/opt/render/project/src/.venv/lib/python3.14/site-packages/telegram/_bot.py", line 704, in _post
    return await self._do_post(
           ^^^^^^^^^^^^^^^^^^^^
    ...<6 lines>...
    )
    ^
  File "/opt/render/project/src/.venv/lib/python3.14/site-packages/telegram/ext/_extbot.py", line 370, in _do_post
    return await super()._do_post(
           ^^^^^^^^^^^^^^^^^^^^^^^
    ...<6 lines>...
    )
    ^
  File "/opt/render/project/src/.venv/lib/python3.14/site-packages/telegram/_bot.py", line 733, in _do_post
    result = await request.post(
             ^^^^^^^^^^^^^^^^^^^
    ...<6 lines>...
    )
    ^
  File "/opt/render/project/src/.venv/lib/python3.14/site-packages/telegram/request/_baserequest.py", line 198, in post
    result = await self._request_wrapper(
             ^^^^^^^^^^^^^^^^^^^^^^^^^^^^
    ...<7 lines>...
    )
    ^
  File "/opt/render/project/src/.venv/lib/python3.14/site-packages/telegram/request/_baserequest.py", line 375, in _request_wrapper
    raise exception
telegram.error.InvalidToken: Unauthorized

The above exception was the direct cause of the following exception:

Traceback (most recent call last):
  File "/opt/render/project/src/.venv/lib/python3.14/site-packages/telegram/ext/_utils/networkloop.py", line 161, in network_retry_loop
    await do_action()
  File "/opt/render/project/src/.venv/lib/python3.14/site-packages/telegram/ext/_utils/networkloop.py", line 136, in do_action
    await action_cb()
  File "/opt/render/project/src/.venv/lib/python3.14/site-packages/telegram/ext/_application.py", line 489, in initialize
    await self.bot.initialize()
  File "/opt/render/project/src/.venv/lib/python3.14/site-packages/telegram/ext/_extbot.py", line 316, in initialize
    await super().initialize()
  File "/opt/render/project/src/.venv/lib/python3.14/site-packages/telegram/_bot.py", line 860, in initialize
    raise InvalidToken(f"The token `{self._token}` was rejected by the server.") from exc
telegram.error.InvalidToken: The token `8966684570:AAEIuVKN_pazun6mSAMHnOKREtn3ZfcaD3c` was rejected by the server.
Traceback (most recent call last):
  File "/opt/render/project/src/.venv/lib/python3.14/site-packages/telegram/_bot.py", line 857, in initialize
    await self.get_me()
  File "/opt/render/project/src/.venv/lib/python3.14/site-packages/telegram/ext/_extbot.py", line 2008, in get_me
    return await super().get_me(
           ^^^^^^^^^^^^^^^^^^^^^
    ...<5 lines>...
    )
    ^
  File "/opt/render/project/src/.venv/lib/python3.14/site-packages/telegram/_bot.py", line 990, in get_me
    result = await self._post(
             ^^^^^^^^^^^^^^^^^
    ...<6 lines>...
    )
    ^
  File "/opt/render/project/src/.venv/lib/python3.14/site-packages/telegram/_bot.py", line 704, in _post
    return await self._do_post(
           ^^^^^^^^^^^^^^^^^^^^
    ...<6 lines>...
    )
    ^
  File "/opt/render/project/src/.venv/lib/python3.14/site-packages/telegram/ext/_extbot.py", line 370, in _do_post
    return await super()._do_post(
           ^^^^^^^^^^^^^^^^^^^^^^^
    ...<6 lines>...
    )
    ^
  File "/opt/render/project/src/.venv/lib/python3.14/site-packages/telegram/_bot.py", line 733, in _do_post
    result = await request.post(
             ^^^^^^^^^^^^^^^^^^^
    ...<6 lines>...
    )
    ^
  File "/opt/render/project/src/.venv/lib/python3.14/site-packages/telegram/request/_baserequest.py", line 198, in post
    result = await self._request_wrapper(
             ^^^^^^^^^^^^^^^^^^^^^^^^^^^^
    ...<7 lines>...
    )
    ^
  File "/opt/render/project/src/.venv/lib/python3.14/site-packages/telegram/request/_baserequest.py", line 375, in _request_wrapper
    raise exception
telegram.error.InvalidToken: Unauthorized

The above exception was the direct cause of the following exception:

Traceback (most recent call last):
  File "/opt/render/project/src/data/projects/ADMIN/911cbdc5/x_auto_forward.py", line 815, in <module>
    main()
    ~~~~^^
  File "/opt/render/project/src/data/projects/ADMIN/911cbdc5/x_auto_forward.py", line 811, in main
    app.run_polling(allowed_updates=["message", "callback_query"])
    ~~~~~~~~~~~~~~~^^^^^^^^^^^^^^^^^^^^^^^^^^^^^^^^^^^^^^^^^^^^^^^
  File "/opt/render/project/src/.venv/lib/python3.14/site-packages/telegram/ext/_application.py", line 839, in run_polling
    return self.__run(
           ~~~~~~~~~~^
        updater_coroutine=self.updater.start_polling(
        ^^^^^^^^^^^^^^^^^^^^^^^^^^^^^^^^^^^^^^^^^^^^^
    ...<9 lines>...
        close_loop=close_loop,
        ^^^^^^^^^^^^^^^^^^^^^^
    )
    ^
  File "/opt/render/project/src/.venv/lib/python3.14/site-packages/telegram/ext/_application.py", line 1054, in __run
    loop.run_until_complete(self._bootstrap_initialize(max_retries=bootstrap_retries))
    ~~~~~~~~~~~~~~~~~~~~~~~^^^^^^^^^^^^^^^^^^^^^^^^^^^^^^^^^^^^^^^^^^^^^^^^^^^^^^^^^^^
  File "/opt/render/project/python/Python-3.14.3/lib/python3.14/asyncio/base_events.py", line 719, in run_until_complete
    return future.result()
           ~~~~~~~~~~~~~^^
  File "/opt/render/project/src/.venv/lib/python3.14/site-packages/telegram/ext/_application.py", line 1014, in _bootstrap_initialize
    await network_retry_loop(
    ...<4 lines>...
    )
  File "/opt/render/project/src/.venv/lib/python3.14/site-packages/telegram/ext/_utils/networkloop.py", line 161, in network_retry_loop
    await do_action()
  File "/opt/render/project/src/.venv/lib/python3.14/site-packages/telegram/ext/_utils/networkloop.py", line 136, in do_action
    await action_cb()
  File "/opt/render/project/src/.venv/lib/python3.14/site-packages/telegram/ext/_application.py", line 489, in initialize
    await self.bot.initialize()
  File "/opt/render/project/src/.venv/lib/python3.14/site-packages/telegram/ext/_extbot.py", line 316, in initialize
    await super().initialize()
  File "/opt/render/project/src/.venv/lib/python3.14/site-packages/telegram/_bot.py", line 860, in initialize
    raise InvalidToken(f"The token `{self._token}` was rejected by the server.") from exc
telegram.error.InvalidToken: The token `8966684570:AAEIuVKN_pazun6mSAMHnOKREtn3ZfcaD3c` was rejected by the server.

[WATCHDOG] Auto restart at 2026-06-06 13:12:02.151433

[HOST] Auto install checking...
[HOST] Auto install done.

[HOST] Starting x_auto_forward.py at 2026-06-06 13:12:02.292533
2026-06-06 13:12:08,793 | INFO     | XAutoForwardBot — 🚀 Starting X Auto Forward Bot…
/opt/render/project/src/data/projects/ADMIN/911cbdc5/x_auto_forward.py:749: PTBUserWarning: If 'per_message=False', 'CallbackQueryHandler' will not be tracked for every message. Read this FAQ entry to learn more about the per_* settings: https://github.com/python-telegram-bot/python-telegram-bot/wiki/Frequently-Asked-Questions#what-do-the-per_-settings-in-conversationhandler-do.
  conv = ConversationHandler(
2026-06-06 13:12:11,952 | INFO     | httpx — HTTP Request: POST https://api.telegram.org/bot8966684570:AAEIuVKN_pazun6mSAMHnOKREtn3ZfcaD3c/getMe "HTTP/1.1 401 Unauthorized"
2026-06-06 13:12:11,990 | ERROR    | telegram.ext — Network Retry Loop (Bootstrap Initialize Application): Invalid token. Aborting retry loop.
Traceback (most recent call last):
  File "/opt/render/project/src/.venv/lib/python3.14/site-packages/telegram/_bot.py", line 857, in initialize
    await self.get_me()
  File "/opt/render/project/src/.venv/lib/python3.14/site-packages/telegram/ext/_extbot.py", line 2008, in get_me
    return await super().get_me(
           ^^^^^^^^^^^^^^^^^^^^^
    ...<5 lines>...
    )
    ^
  File "/opt/render/project/src/.venv/lib/python3.14/site-packages/telegram/_bot.py", line 990, in get_me
    result = await self._post(
             ^^^^^^^^^^^^^^^^^
    ...<6 lines>...
    )
    ^
  File "/opt/render/project/src/.venv/lib/python3.14/site-packages/telegram/_bot.py", line 704, in _post
    return await self._do_post(
           ^^^^^^^^^^^^^^^^^^^^
    ...<6 lines>...
    )
    ^
  File "/opt/render/project/src/.venv/lib/python3.14/site-packages/telegram/ext/_extbot.py", line 370, in _do_post
    return await super()._do_post(
           ^^^^^^^^^^^^^^^^^^^^^^^
    ...<6 lines>...
    )
    ^
  File "/opt/render/project/src/.venv/lib/python3.14/site-packages/telegram/_bot.py", line 733, in _do_post
    result = await request.post(
             ^^^^^^^^^^^^^^^^^^^
    ...<6 lines>...
    )
    ^
  File "/opt/render/project/src/.venv/lib/python3.14/site-packages/telegram/request/_baserequest.py", line 198, in post
    result = await self._request_wrapper(
             ^^^^^^^^^^^^^^^^^^^^^^^^^^^^
    ...<7 lines>...
    )
    ^
  File "/opt/render/project/src/.venv/lib/python3.14/site-packages/telegram/request/_baserequest.py", line 375, in _request_wrapper
    raise exception
telegram.error.InvalidToken: Unauthorized

The above exception was the direct cause of the following exception:

Traceback (most recent call last):
  File "/opt/render/project/src/.venv/lib/python3.14/site-packages/telegram/ext/_utils/networkloop.py", line 161, in network_retry_loop
    await do_action()
  File "/opt/render/project/src/.venv/lib/python3.14/site-packages/telegram/ext/_utils/networkloop.py", line 136, in do_action
    await action_cb()
  File "/opt/render/project/src/.venv/lib/python3.14/site-packages/telegram/ext/_application.py", line 489, in initialize
    await self.bot.initialize()
  File "/opt/render/project/src/.venv/lib/python3.14/site-packages/telegram/ext/_extbot.py", line 316, in initialize
    await super().initialize()
  File "/opt/render/project/src/.venv/lib/python3.14/site-packages/telegram/_bot.py", line 860, in initialize
    raise InvalidToken(f"The token `{self._token}` was rejected by the server.") from exc
telegram.error.InvalidToken: The token `8966684570:AAEIuVKN_pazun6mSAMHnOKREtn3ZfcaD3c` was rejected by the server.
Traceback (most recent call last):
  File "/opt/render/project/src/.venv/lib/python3.14/site-packages/telegram/_bot.py", line 857, in initialize
    await self.get_me()
  File "/opt/render/project/src/.venv/lib/python3.14/site-packages/telegram/ext/_extbot.py", line 2008, in get_me
    return await super().get_me(
           ^^^^^^^^^^^^^^^^^^^^^
    ...<5 lines>...
    )
    ^
  File "/opt/render/project/src/.venv/lib/python3.14/site-packages/telegram/_bot.py", line 990, in get_me
    result = await self._post(
             ^^^^^^^^^^^^^^^^^
    ...<6 lines>...
    )
    ^
  File "/opt/render/project/src/.venv/lib/python3.14/site-packages/telegram/_bot.py", line 704, in _post
    return await self._do_post(
           ^^^^^^^^^^^^^^^^^^^^
    ...<6 lines>...
    )
    ^
  File "/opt/render/project/src/.venv/lib/python3.14/site-packages/telegram/ext/_extbot.py", line 370, in _do_post
    return await super()._do_post(
           ^^^^^^^^^^^^^^^^^^^^^^^
    ...<6 lines>...
    )
    ^
  File "/opt/render/project/src/.venv/lib/python3.14/site-packages/telegram/_bot.py", line 733, in _do_post
    result = await request.post(
             ^^^^^^^^^^^^^^^^^^^
    ...<6 lines>...
    )
    ^
  File "/opt/render/project/src/.venv/lib/python3.14/site-packages/telegram/request/_baserequest.py", line 198, in post
    result = await self._request_wrapper(
             ^^^^^^^^^^^^^^^^^^^^^^^^^^^^
    ...<7 lines>...
    )
    ^
  File "/opt/render/project/src/.venv/lib/python3.14/site-packages/telegram/request/_baserequest.py", line 375, in _request_wrapper
    raise exception
telegram.error.InvalidToken: Unauthorized

The above exception was the direct cause of the following exception:

Traceback (most recent call last):
  File "/opt/render/project/src/data/projects/ADMIN/911cbdc5/x_auto_forward.py", line 815, in <module>
    main()
    ~~~~^^
  File "/opt/render/project/src/data/projects/ADMIN/911cbdc5/x_auto_forward.py", line 811, in main
    app.run_polling(allowed_updates=["message", "callback_query"])
    ~~~~~~~~~~~~~~~^^^^^^^^^^^^^^^^^^^^^^^^^^^^^^^^^^^^^^^^^^^^^^^
  File "/opt/render/project/src/.venv/lib/python3.14/site-packages/telegram/ext/_application.py", line 839, in run_polling
    return self.__run(
           ~~~~~~~~~~^
        updater_coroutine=self.updater.start_polling(
        ^^^^^^^^^^^^^^^^^^^^^^^^^^^^^^^^^^^^^^^^^^^^^
    ...<9 lines>...
        close_loop=close_loop,
        ^^^^^^^^^^^^^^^^^^^^^^
    )
    ^
  File "/opt/render/project/src/.venv/lib/python3.14/site-packages/telegram/ext/_application.py", line 1054, in __run
    loop.run_until_complete(self._bootstrap_initialize(max_retries=bootstrap_retries))
    ~~~~~~~~~~~~~~~~~~~~~~~^^^^^^^^^^^^^^^^^^^^^^^^^^^^^^^^^^^^^^^^^^^^^^^^^^^^^^^^^^^
  File "/opt/render/project/python/Python-3.14.3/lib/python3.14/asyncio/base_events.py", line 719, in run_until_complete
    return future.result()
           ~~~~~~~~~~~~~^^
  File "/opt/render/project/src/.venv/lib/python3.14/site-packages/telegram/ext/_application.py", line 1014, in _bootstrap_initialize
    await network_retry_loop(
    ...<4 lines>...
    )
  File "/opt/render/project/src/.venv/lib/python3.14/site-packages/telegram/ext/_utils/networkloop.py", line 161, in network_retry_loop
    await do_action()
  File "/opt/render/project/src/.venv/lib/python3.14/site-packages/telegram/ext/_utils/networkloop.py", line 136, in do_action
    await action_cb()
  File "/opt/render/project/src/.venv/lib/python3.14/site-packages/telegram/ext/_application.py", line 489, in initialize
    await self.bot.initialize()
  File "/opt/render/project/src/.venv/lib/python3.14/site-packages/telegram/ext/_extbot.py", line 316, in initialize
    await super().initialize()
  File "/opt/render/project/src/.venv/lib/python3.14/site-packages/telegram/_bot.py", line 860, in initialize
    raise InvalidToken(f"The token `{self._token}` was rejected by the server.") from exc
telegram.error.InvalidToken: The token `8966684570:AAEIuVKN_pazun6mSAMHnOKREtn3ZfcaD3c` was rejected by the server.

[WATCHDOG] Auto restart at 2026-06-06 13:12:24.253621

[HOST] Auto install checking...
[HOST] Auto install done.

[HOST] Starting x_auto_forward.py at 2026-06-06 13:12:24.396684
2026-06-06 13:12:29,990 | INFO     | XAutoForwardBot — 🚀 Starting X Auto Forward Bot…
/opt/render/project/src/data/projects/ADMIN/911cbdc5/x_auto_forward.py:749: PTBUserWarning: If 'per_message=False', 'CallbackQueryHandler' will not be tracked for every message. Read this FAQ entry to learn more about the per_* settings: https://github.com/python-telegram-bot/python-telegram-bot/wiki/Frequently-Asked-Questions#what-do-the-per_-settings-in-conversationhandler-do.
  conv = ConversationHandler(
2026-06-06 13:12:33,055 | INFO     | httpx — HTTP Request: POST https://api.telegram.org/bot8966684570:AAEIuVKN_pazun6mSAMHnOKREtn3ZfcaD3c/getMe "HTTP/1.1 401 Unauthorized"
2026-06-06 13:12:33,090 | ERROR    | telegram.ext — Network Retry Loop (Bootstrap Initialize Application): Invalid token. Aborting retry loop.
Traceback (most recent call last):
  File "/opt/render/project/src/.venv/lib/python3.14/site-packages/telegram/_bot.py", line 857, in initialize
    await self.get_me()
  File "/opt/render/project/src/.venv/lib/python3.14/site-packages/telegram/ext/_extbot.py", line 2008, in get_me
    return await super().get_me(
           ^^^^^^^^^^^^^^^^^^^^^
    ...<5 lines>...
    )
    ^
  File "/opt/render/project/src/.venv/lib/python3.14/site-packages/telegram/_bot.py", line 990, in get_me
    result = await self._post(
             ^^^^^^^^^^^^^^^^^
    ...<6 lines>...
    )
    ^
  File "/opt/render/project/src/.venv/lib/python3.14/site-packages/telegram/_bot.py", line 704, in _post
    return await self._do_post(
           ^^^^^^^^^^^^^^^^^^^^
    ...<6 lines>...
    )
    ^
  File "/opt/render/project/src/.venv/lib/python3.14/site-packages/telegram/ext/_extbot.py", line 370, in _do_post
    return await super()._do_post(
           ^^^^^^^^^^^^^^^^^^^^^^^
    ...<6 lines>...
    )
    ^
  File "/opt/render/project/src/.venv/lib/python3.14/site-packages/telegram/_bot.py", line 733, in _do_post
    result = await request.post(
             ^^^^^^^^^^^^^^^^^^^
    ...<6 lines>...
    )
    ^
  File "/opt/render/project/src/.venv/lib/python3.14/site-packages/telegram/request/_baserequest.py", line 198, in post
    result = await self._request_wrapper(
             ^^^^^^^^^^^^^^^^^^^^^^^^^^^^
    ...<7 lines>...
    )
    ^
  File "/opt/render/project/src/.venv/lib/python3.14/site-packages/telegram/request/_baserequest.py", line 375, in _request_wrapper
    raise exception
telegram.error.InvalidToken: Unauthorized

The above exception was the direct cause of the following exception:

Traceback (most recent call last):
  File "/opt/render/project/src/.venv/lib/python3.14/site-packages/telegram/ext/_utils/networkloop.py", line 161, in network_retry_loop
    await do_action()
  File "/opt/render/project/src/.venv/lib/python3.14/site-packages/telegram/ext/_utils/networkloop.py", line 136, in do_action
    await action_cb()
  File "/opt/render/project/src/.venv/lib/python3.14/site-packages/telegram/ext/_application.py", line 489, in initialize
    await self.bot.initialize()
  File "/opt/render/project/src/.venv/lib/python3.14/site-packages/telegram/ext/_extbot.py", line 316, in initialize
    await super().initialize()
  File "/opt/render/project/src/.venv/lib/python3.14/site-packages/telegram/_bot.py", line 860, in initialize
    raise InvalidToken(f"The token `{self._token}` was rejected by the server.") from exc
telegram.error.InvalidToken: The token `8966684570:AAEIuVKN_pazun6mSAMHnOKREtn3ZfcaD3c` was rejected by the server.
Traceback (most recent call last):
  File "/opt/render/project/src/.venv/lib/python3.14/site-packages/telegram/_bot.py", line 857, in initialize
    await self.get_me()
  File "/opt/render/project/src/.venv/lib/python3.14/site-packages/telegram/ext/_extbot.py", line 2008, in get_me
    return await super().get_me(
           ^^^^^^^^^^^^^^^^^^^^^
    ...<5 lines>...
    )
    ^
  File "/opt/render/project/src/.venv/lib/python3.14/site-packages/telegram/_bot.py", line 990, in get_me
    result = await self._post(
             ^^^^^^^^^^^^^^^^^
    ...<6 lines>...
    )
    ^
  File "/opt/render/project/src/.venv/lib/python3.14/site-packages/telegram/_bot.py", line 704, in _post
    return await self._do_post(
           ^^^^^^^^^^^^^^^^^^^^
    ...<6 lines>...
    )
    ^
  File "/opt/render/project/src/.venv/lib/python3.14/site-packages/telegram/ext/_extbot.py", line 370, in _do_post
    return await super()._do_post(
           ^^^^^^^^^^^^^^^^^^^^^^^
    ...<6 lines>...
    )
    ^
  File "/opt/render/project/src/.venv/lib/python3.14/site-packages/telegram/_bot.py", line 733, in _do_post
    result = await request.post(
             ^^^^^^^^^^^^^^^^^^^
    ...<6 lines>...
    )
    ^
  File "/opt/render/project/src/.venv/lib/python3.14/site-packages/telegram/request/_baserequest.py", line 198, in post
    result = await self._request_wrapper(
             ^^^^^^^^^^^^^^^^^^^^^^^^^^^^
    ...<7 lines>...
    )
    ^
  File "/opt/render/project/src/.venv/lib/python3.14/site-packages/telegram/request/_baserequest.py", line 375, in _request_wrapper
    raise exception
telegram.error.InvalidToken: Unauthorized

The above exception was the direct cause of the following exception:

Traceback (most recent call last):
  File "/opt/render/project/src/data/projects/ADMIN/911cbdc5/x_auto_forward.py", line 815, in <module>
    main()
    ~~~~^^
  File "/opt/render/project/src/data/projects/ADMIN/911cbdc5/x_auto_forward.py", line 811, in main
    app.run_polling(allowed_updates=["message", "callback_query"])
    ~~~~~~~~~~~~~~~^^^^^^^^^^^^^^^^^^^^^^^^^^^^^^^^^^^^^^^^^^^^^^^
  File "/opt/render/project/src/.venv/lib/python3.14/site-packages/telegram/ext/_application.py", line 839, in run_polling
    return self.__run(
           ~~~~~~~~~~^
        updater_coroutine=self.updater.start_polling(
        ^^^^^^^^^^^^^^^^^^^^^^^^^^^^^^^^^^^^^^^^^^^^^
    ...<9 lines>...
        close_loop=close_loop,
        ^^^^^^^^^^^^^^^^^^^^^^
    )
    ^
  File "/opt/render/project/src/.venv/lib/python3.14/site-packages/telegram/ext/_application.py", line 1054, in __run
    loop.run_until_complete(self._bootstrap_initialize(max_retries=bootstrap_retries))
    ~~~~~~~~~~~~~~~~~~~~~~~^^^^^^^^^^^^^^^^^^^^^^^^^^^^^^^^^^^^^^^^^^^^^^^^^^^^^^^^^^^
  File "/opt/render/project/python/Python-3.14.3/lib/python3.14/asyncio/base_events.py", line 719, in run_until_complete
    return future.result()
           ~~~~~~~~~~~~~^^
  File "/opt/render/project/src/.venv/lib/python3.14/site-packages/telegram/ext/_application.py", line 1014, in _bootstrap_initialize
    await network_retry_loop(
    ...<4 lines>...
    )
  File "/opt/render/project/src/.venv/lib/python3.14/site-packages/telegram/ext/_utils/networkloop.py", line 161, in network_retry_loop
    await do_action()
  File "/opt/render/project/src/.venv/lib/python3.14/site-packages/telegram/ext/_utils/networkloop.py", line 136, in do_action
    await action_cb()
  File "/opt/render/project/src/.venv/lib/python3.14/site-packages/telegram/ext/_application.py", line 489, in initialize
    await self.bot.initialize()
  File "/opt/render/project/src/.venv/lib/python3.14/site-packages/telegram/ext/_extbot.py", line 316, in initialize
    await super().initialize()
  File "/opt/render/project/src/.venv/lib/python3.14/site-packages/telegram/_bot.py", line 860, in initialize
    raise InvalidToken(f"The token `{self._token}` was rejected by the server.") from exc
telegram.error.InvalidToken: The token `8966684570:AAEIuVKN_pazun6mSAMHnOKREtn3ZfcaD3c` was rejected by the server.

[WATCHDOG] Auto restart at 2026-06-06 13:12:46.643646

[HOST] Auto install checking...
[HOST] Auto install done.

[HOST] Starting x_auto_forward.py at 2026-06-06 13:12:46.698366
2026-06-06 13:12:52,992 | INFO     | XAutoForwardBot — 🚀 Starting X Auto Forward Bot…
/opt/render/project/src/data/projects/ADMIN/911cbdc5/x_auto_forward.py:749: PTBUserWarning: If 'per_message=False', 'CallbackQueryHandler' will not be tracked for every message. Read this FAQ entry to learn more about the per_* settings: https://github.com/python-telegram-bot/python-telegram-bot/wiki/Frequently-Asked-Questions#what-do-the-per_-settings-in-conversationhandler-do.
  conv = ConversationHandler(
2026-06-06 13:12:56,490 | INFO     | httpx — HTTP Request: POST https://api.telegram.org/bot8966684570:AAEIuVKN_pazun6mSAMHnOKREtn3ZfcaD3c/getMe "HTTP/1.1 401 Unauthorized"
2026-06-06 13:12:56,491 | ERROR    | telegram.ext — Network Retry Loop (Bootstrap Initialize Application): Invalid token. Aborting retry loop.
Traceback (most recent call last):
  File "/opt/render/project/src/.venv/lib/python3.14/site-packages/telegram/_bot.py", line 857, in initialize
    await self.get_me()
  File "/opt/render/project/src/.venv/lib/python3.14/site-packages/telegram/ext/_extbot.py", line 2008, in get_me
    return await super().get_me(
           ^^^^^^^^^^^^^^^^^^^^^
    ...<5 lines>...
    )
    ^
  File "/opt/render/project/src/.venv/lib/python3.14/site-packages/telegram/_bot.py", line 990, in get_me
    result = await self._post(
             ^^^^^^^^^^^^^^^^^
    ...<6 lines>...
    )
    ^
  File "/opt/render/project/src/.venv/lib/python3.14/site-packages/telegram/_bot.py", line 704, in _post
    return await self._do_post(
           ^^^^^^^^^^^^^^^^^^^^
    ...<6 lines>...
    )
    ^
  File "/opt/render/project/src/.venv/lib/python3.14/site-packages/telegram/ext/_extbot.py", line 370, in _do_post
    return await super()._do_post(
           ^^^^^^^^^^^^^^^^^^^^^^^
    ...<6 lines>...
    )
    ^
  File "/opt/render/project/src/.venv/lib/python3.14/site-packages/telegram/_bot.py", line 733, in _do_post
    result = await request.post(
             ^^^^^^^^^^^^^^^^^^^
    ...<6 lines>...
    )
    ^
  File "/opt/render/project/src/.venv/lib/python3.14/site-packages/telegram/request/_baserequest.py", line 198, in post
    result = await self._request_wrapper(
             ^^^^^^^^^^^^^^^^^^^^^^^^^^^^
    ...<7 lines>...
    )
    ^
  File "/opt/render/project/src/.venv/lib/python3.14/site-packages/telegram/request/_baserequest.py", line 375, in _request_wrapper
    raise exception
telegram.error.InvalidToken: Unauthorized

The above exception was the direct cause of the following exception:

Traceback (most recent call last):
  File "/opt/render/project/src/.venv/lib/python3.14/site-packages/telegram/ext/_utils/networkloop.py", line 161, in network_retry_loop
    await do_action()
  File "/opt/render/project/src/.venv/lib/python3.14/site-packages/telegram/ext/_utils/networkloop.py", line 136, in do_action
    await action_cb()
  File "/opt/render/project/src/.venv/lib/python3.14/site-packages/telegram/ext/_application.py", line 489, in initialize
    await self.bot.initialize()
  File "/opt/render/project/src/.venv/lib/python3.14/site-packages/telegram/ext/_extbot.py", line 316, in initialize
    await super().initialize()
  File "/opt/render/project/src/.venv/lib/python3.14/site-packages/telegram/_bot.py", line 860, in initialize
    raise InvalidToken(f"The token `{self._token}` was rejected by the server.") from exc
telegram.error.InvalidToken: The token `8966684570:AAEIuVKN_pazun6mSAMHnOKREtn3ZfcaD3c` was rejected by the server.
Traceback (most recent call last):
  File "/opt/render/project/src/.venv/lib/python3.14/site-packages/telegram/_bot.py", line 857, in initialize
    await self.get_me()
  File "/opt/render/project/src/.venv/lib/python3.14/site-packages/telegram/ext/_extbot.py", line 2008, in get_me
    return await super().get_me(
           ^^^^^^^^^^^^^^^^^^^^^
    ...<5 lines>...
    )
    ^
  File "/opt/render/project/src/.venv/lib/python3.14/site-packages/telegram/_bot.py", line 990, in get_me
    result = await self._post(
             ^^^^^^^^^^^^^^^^^
    ...<6 lines>...
    )
    ^
  File "/opt/render/project/src/.venv/lib/python3.14/site-packages/telegram/_bot.py", line 704, in _post
    return await self._do_post(
           ^^^^^^^^^^^^^^^^^^^^
    ...<6 lines>...
    )
    ^
  File "/opt/render/project/src/.venv/lib/python3.14/site-packages/telegram/ext/_extbot.py", line 370, in _do_post
    return await super()._do_post(
           ^^^^^^^^^^^^^^^^^^^^^^^
    ...<6 lines>...
    )
    ^
  File "/opt/render/project/src/.venv/lib/python3.14/site-packages/telegram/_bot.py", line 733, in _do_post
    result = await request.post(
             ^^^^^^^^^^^^^^^^^^^
    ...<6 lines>...
    )
    ^
  File "/opt/render/project/src/.venv/lib/python3.14/site-packages/telegram/request/_baserequest.py", line 198, in post
    result = await self._request_wrapper(
             ^^^^^^^^^^^^^^^^^^^^^^^^^^^^
    ...<7 lines>...
    )
    ^
  File "/opt/render/project/src/.venv/lib/python3.14/site-packages/telegram/request/_baserequest.py", line 375, in _request_wrapper
    raise exception
telegram.error.InvalidToken: Unauthorized

The above exception was the direct cause of the following exception:

Traceback (most recent call last):
  File "/opt/render/project/src/data/projects/ADMIN/911cbdc5/x_auto_forward.py", line 815, in <module>
    main()
    ~~~~^^
  File "/opt/render/project/src/data/projects/ADMIN/911cbdc5/x_auto_forward.py", line 811, in main
    app.run_polling(allowed_updates=["message", "callback_query"])
    ~~~~~~~~~~~~~~~^^^^^^^^^^^^^^^^^^^^^^^^^^^^^^^^^^^^^^^^^^^^^^^
  File "/opt/render/project/src/.venv/lib/python3.14/site-packages/telegram/ext/_application.py", line 839, in run_polling
    return self.__run(
           ~~~~~~~~~~^
        updater_coroutine=self.updater.start_polling(
        ^^^^^^^^^^^^^^^^^^^^^^^^^^^^^^^^^^^^^^^^^^^^^
    ...<9 lines>...
        close_loop=close_loop,
        ^^^^^^^^^^^^^^^^^^^^^^
    )
    ^
  File "/opt/render/project/src/.venv/lib/python3.14/site-packages/telegram/ext/_application.py", line 1054, in __run
    loop.run_until_complete(self._bootstrap_initialize(max_retries=bootstrap_retries))
    ~~~~~~~~~~~~~~~~~~~~~~~^^^^^^^^^^^^^^^^^^^^^^^^^^^^^^^^^^^^^^^^^^^^^^^^^^^^^^^^^^^
  File "/opt/render/project/python/Python-3.14.3/lib/python3.14/asyncio/base_events.py", line 719, in run_until_complete
    return future.result()
           ~~~~~~~~~~~~~^^
  File "/opt/render/project/src/.venv/lib/python3.14/site-packages/telegram/ext/_application.py", line 1014, in _bootstrap_initialize
    await network_retry_loop(
    ...<4 lines>...
    )
  File "/opt/render/project/src/.venv/lib/python3.14/site-packages/telegram/ext/_utils/networkloop.py", line 161, in network_retry_loop
    await do_action()
  File "/opt/render/project/src/.venv/lib/python3.14/site-packages/telegram/ext/_utils/networkloop.py", line 136, in do_action
    await action_cb()
  File "/opt/render/project/src/.venv/lib/python3.14/site-packages/telegram/ext/_application.py", line 489, in initialize
    await self.bot.initialize()
  File "/opt/render/project/src/.venv/lib/python3.14/site-packages/telegram/ext/_extbot.py", line 316, in initialize
    await super().initialize()
  File "/opt/render/project/src/.venv/lib/python3.14/site-packages/telegram/_bot.py", line 860, in initialize
    raise InvalidToken(f"The token `{self._token}` was rejected by the server.") from exc
telegram.error.InvalidToken: The token `8966684570:AAEIuVKN_pazun6mSAMHnOKREtn3ZfcaD3c` was rejected by the server.

[WATCHDOG] Auto restart at 2026-06-06 13:13:08.590442

[HOST] Auto install checking...
[HOST] Auto install done.

[HOST] Starting x_auto_forward.py at 2026-06-06 13:13:08.697311
2026-06-06 13:13:15,191 | INFO     | XAutoForwardBot — 🚀 Starting X Auto Forward Bot…
/opt/render/project/src/data/projects/ADMIN/911cbdc5/x_auto_forward.py:749: PTBUserWarning: If 'per_message=False', 'CallbackQueryHandler' will not be tracked for every message. Read this FAQ entry to learn more about the per_* settings: https://github.com/python-telegram-bot/python-telegram-bot/wiki/Frequently-Asked-Questions#what-do-the-per_-settings-in-conversationhandler-do.
  conv = ConversationHandler(
2026-06-06 13:13:18,690 | INFO     | httpx — HTTP Request: POST https://api.telegram.org/bot8966684570:AAEIuVKN_pazun6mSAMHnOKREtn3ZfcaD3c/getMe "HTTP/1.1 401 Unauthorized"
2026-06-06 13:13:18,691 | ERROR    | telegram.ext — Network Retry Loop (Bootstrap Initialize Application): Invalid token. Aborting retry loop.
Traceback (most recent call last):
  File "/opt/render/project/src/.venv/lib/python3.14/site-packages/telegram/_bot.py", line 857, in initialize
    await self.get_me()
  File "/opt/render/project/src/.venv/lib/python3.14/site-packages/telegram/ext/_extbot.py", line 2008, in get_me
    return await super().get_me(
           ^^^^^^^^^^^^^^^^^^^^^
    ...<5 lines>...
    )
    ^
  File "/opt/render/project/src/.venv/lib/python3.14/site-packages/telegram/_bot.py", line 990, in get_me
    result = await self._post(
             ^^^^^^^^^^^^^^^^^
    ...<6 lines>...
    )
    ^
  File "/opt/render/project/src/.venv/lib/python3.14/site-packages/telegram/_bot.py", line 704, in _post
    return await self._do_post(
           ^^^^^^^^^^^^^^^^^^^^
    ...<6 lines>...
    )
    ^
  File "/opt/render/project/src/.venv/lib/python3.14/site-packages/telegram/ext/_extbot.py", line 370, in _do_post
    return await super()._do_post(
           ^^^^^^^^^^^^^^^^^^^^^^^
    ...<6 lines>...
    )
    ^
  File "/opt/render/project/src/.venv/lib/python3.14/site-packages/telegram/_bot.py", line 733, in _do_post
    result = await request.post(
             ^^^^^^^^^^^^^^^^^^^
    ...<6 lines>...
    )
    ^
  File "/opt/render/project/src/.venv/lib/python3.14/site-packages/telegram/request/_baserequest.py", line 198, in post
    result = await self._request_wrapper(
             ^^^^^^^^^^^^^^^^^^^^^^^^^^^^
    ...<7 lines>...
    )
    ^
  File "/opt/render/project/src/.venv/lib/python3.14/site-packages/telegram/request/_baserequest.py", line 375, in _request_wrapper
    raise exception
telegram.error.InvalidToken: Unauthorized

The above exception was the direct cause of the following exception:

Traceback (most recent call last):
  File "/opt/render/project/src/.venv/lib/python3.14/site-packages/telegram/ext/_utils/networkloop.py", line 161, in network_retry_loop
    await do_action()
  File "/opt/render/project/src/.venv/lib/python3.14/site-packages/telegram/ext/_utils/networkloop.py", line 136, in do_action
    await action_cb()
  File "/opt/render/project/src/.venv/lib/python3.14/site-packages/telegram/ext/_application.py", line 489, in initialize
    await self.bot.initialize()
  File "/opt/render/project/src/.venv/lib/python3.14/site-packages/telegram/ext/_extbot.py", line 316, in initialize
    await super().initialize()
  File "/opt/render/project/src/.venv/lib/python3.14/site-packages/telegram/_bot.py", line 860, in initialize
    raise InvalidToken(f"The token `{self._token}` was rejected by the server.") from exc
telegram.error.InvalidToken: The token `8966684570:AAEIuVKN_pazun6mSAMHnOKREtn3ZfcaD3c` was rejected by the server.
Traceback (most recent call last):
  File "/opt/render/project/src/.venv/lib/python3.14/site-packages/telegram/_bot.py", line 857, in initialize
    await self.get_me()
  File "/opt/render/project/src/.venv/lib/python3.14/site-packages/telegram/ext/_extbot.py", line 2008, in get_me
    return await super().get_me(
           ^^^^^^^^^^^^^^^^^^^^^
    ...<5 lines>...
    )
    ^
  File "/opt/render/project/src/.venv/lib/python3.14/site-packages/telegram/_bot.py", line 990, in get_me
    result = await self._post(
             ^^^^^^^^^^^^^^^^^
    ...<6 lines>...
    )
    ^
  File "/opt/render/project/src/.venv/lib/python3.14/site-packages/telegram/_bot.py", line 704, in _post
    return await self._do_post(
           ^^^^^^^^^^^^^^^^^^^^
    ...<6 lines>...
    )
    ^
  File "/opt/render/project/src/.venv/lib/python3.14/site-packages/telegram/ext/_extbot.py", line 370, in _do_post
    return await super()._do_post(
           ^^^^^^^^^^^^^^^^^^^^^^^
    ...<6 lines>...
    )
    ^
  File "/opt/render/project/src/.venv/lib/python3.14/site-packages/telegram/_bot.py", line 733, in _do_post
    result = await request.post(
             ^^^^^^^^^^^^^^^^^^^
    ...<6 lines>...
    )
    ^
  File "/opt/render/project/src/.venv/lib/python3.14/site-packages/telegram/request/_baserequest.py", line 198, in post
    result = await self._request_wrapper(
             ^^^^^^^^^^^^^^^^^^^^^^^^^^^^
    ...<7 lines>...
    )
    ^
  File "/opt/render/project/src/.venv/lib/python3.14/site-packages/telegram/request/_baserequest.py", line 375, in _request_wrapper
    raise exception
telegram.error.InvalidToken: Unauthorized

The above exception was the direct cause of the following exception:

Traceback (most recent call last):
  File "/opt/render/project/src/data/projects/ADMIN/911cbdc5/x_auto_forward.py", line 815, in <module>
    main()
    ~~~~^^
  File "/opt/render/project/src/data/projects/ADMIN/911cbdc5/x_auto_forward.py", line 811, in main
    app.run_polling(allowed_updates=["message", "callback_query"])
    ~~~~~~~~~~~~~~~^^^^^^^^^^^^^^^^^^^^^^^^^^^^^^^^^^^^^^^^^^^^^^^
  File "/opt/render/project/src/.venv/lib/python3.14/site-packages/telegram/ext/_application.py", line 839, in run_polling
    return self.__run(
           ~~~~~~~~~~^
        updater_coroutine=self.updater.start_polling(
        ^^^^^^^^^^^^^^^^^^^^^^^^^^^^^^^^^^^^^^^^^^^^^
    ...<9 lines>...
        close_loop=close_loop,
        ^^^^^^^^^^^^^^^^^^^^^^
    )
    ^
  File "/opt/render/project/src/.venv/lib/python3.14/site-packages/telegram/ext/_application.py", line 1054, in __run
    loop.run_until_complete(self._bootstrap_initialize(max_retries=bootstrap_retries))
    ~~~~~~~~~~~~~~~~~~~~~~~^^^^^^^^^^^^^^^^^^^^^^^^^^^^^^^^^^^^^^^^^^^^^^^^^^^^^^^^^^^
  File "/opt/render/project/python/Python-3.14.3/lib/python3.14/asyncio/base_events.py", line 719, in run_until_complete
    return future.result()
           ~~~~~~~~~~~~~^^
  File "/opt/render/project/src/.venv/lib/python3.14/site-packages/telegram/ext/_application.py", line 1014, in _bootstrap_initialize
    await network_retry_loop(
    ...<4 lines>...
    )
  File "/opt/render/project/src/.venv/lib/python3.14/site-packages/telegram/ext/_utils/networkloop.py", line 161, in network_retry_loop
    await do_action()
  File "/opt/render/project/src/.venv/lib/python3.14/site-packages/telegram/ext/_utils/networkloop.py", line 136, in do_action
    await action_cb()
  File "/opt/render/project/src/.venv/lib/python3.14/site-packages/telegram/ext/_application.py", line 489, in initialize
    await self.bot.initialize()
  File "/opt/render/project/src/.venv/lib/python3.14/site-packages/telegram/ext/_extbot.py", line 316, in initialize
    await super().initialize()
  File "/opt/render/project/src/.venv/lib/python3.14/site-packages/telegram/_bot.py", line 860, in initialize
    raise InvalidToken(f"The token `{self._token}` was rejected by the server.") from exc
telegram.error.InvalidToken: The token `8966684570:AAEIuVKN_pazun6mSAMHnOKREtn3ZfcaD3c` was rejected by the server.

[WATCHDOG] Auto restart at 2026-06-06 13:13:30.789528

[HOST] Auto install checking...
[HOST] Auto install done.

[HOST] Starting x_auto_forward.py at 2026-06-06 13:13:30.896334
2026-06-06 13:13:36,992 | INFO     | XAutoForwardBot — 🚀 Starting X Auto Forward Bot…
/opt/render/project/src/data/projects/ADMIN/911cbdc5/x_auto_forward.py:749: PTBUserWarning: If 'per_message=False', 'CallbackQueryHandler' will not be tracked for every message. Read this FAQ entry to learn more about the per_* settings: https://github.com/python-telegram-bot/python-telegram-bot/wiki/Frequently-Asked-Questions#what-do-the-per_-settings-in-conversationhandler-do.
  conv = ConversationHandler(
2026-06-06 13:13:40,091 | INFO     | httpx — HTTP Request: POST https://api.telegram.org/bot8966684570:AAEIuVKN_pazun6mSAMHnOKREtn3ZfcaD3c/getMe "HTTP/1.1 401 Unauthorized"
2026-06-06 13:13:40,094 | ERROR    | telegram.ext — Network Retry Loop (Bootstrap Initialize Application): Invalid token. Aborting retry loop.
Traceback (most recent call last):
  File "/opt/render/project/src/.venv/lib/python3.14/site-packages/telegram/_bot.py", line 857, in initialize
    await self.get_me()
  File "/opt/render/project/src/.venv/lib/python3.14/site-packages/telegram/ext/_extbot.py", line 2008, in get_me
    return await super().get_me(
           ^^^^^^^^^^^^^^^^^^^^^
    ...<5 lines>...
    )
    ^
  File "/opt/render/project/src/.venv/lib/python3.14/site-packages/telegram/_bot.py", line 990, in get_me
    result = await self._post(
             ^^^^^^^^^^^^^^^^^
    ...<6 lines>...
    )
    ^
  File "/opt/render/project/src/.venv/lib/python3.14/site-packages/telegram/_bot.py", line 704, in _post
    return await self._do_post(
           ^^^^^^^^^^^^^^^^^^^^
    ...<6 lines>...
    )
    ^
  File "/opt/render/project/src/.venv/lib/python3.14/site-packages/telegram/ext/_extbot.py", line 370, in _do_post
    return await super()._do_post(
           ^^^^^^^^^^^^^^^^^^^^^^^
    ...<6 lines>...
    )
    ^
  File "/opt/render/project/src/.venv/lib/python3.14/site-packages/telegram/_bot.py", line 733, in _do_post
    result = await request.post(
             ^^^^^^^^^^^^^^^^^^^
    ...<6 lines>...
    )
    ^
  File "/opt/render/project/src/.venv/lib/python3.14/site-packages/telegram/request/_baserequest.py", line 198, in post
    result = await self._request_wrapper(
             ^^^^^^^^^^^^^^^^^^^^^^^^^^^^
    ...<7 lines>...
    )
    ^
  File "/opt/render/project/src/.venv/lib/python3.14/site-packages/telegram/request/_baserequest.py", line 375, in _request_wrapper
    raise exception
telegram.error.InvalidToken: Unauthorized

The above exception was the direct cause of the following exception:

Traceback (most recent call last):
  File "/opt/render/project/src/.venv/lib/python3.14/site-packages/telegram/ext/_utils/networkloop.py", line 161, in network_retry_loop
    await do_action()
  File "/opt/render/project/src/.venv/lib/python3.14/site-packages/telegram/ext/_utils/networkloop.py", line 136, in do_action
    await action_cb()
  File "/opt/render/project/src/.venv/lib/python3.14/site-packages/telegram/ext/_application.py", line 489, in initialize
    await self.bot.initialize()
  File "/opt/render/project/src/.venv/lib/python3.14/site-packages/telegram/ext/_extbot.py", line 316, in initialize
    await super().initialize()
  File "/opt/render/project/src/.venv/lib/python3.14/site-packages/telegram/_bot.py", line 860, in initialize
    raise InvalidToken(f"The token `{self._token}` was rejected by the server.") from exc
telegram.error.InvalidToken: The token `8966684570:AAEIuVKN_pazun6mSAMHnOKREtn3ZfcaD3c` was rejected by the server.
Traceback (most recent call last):
  File "/opt/render/project/src/.venv/lib/python3.14/site-packages/telegram/_bot.py", line 857, in initialize
    await self.get_me()
  File "/opt/render/project/src/.venv/lib/python3.14/site-packages/telegram/ext/_extbot.py", line 2008, in get_me
    return await super().get_me(
           ^^^^^^^^^^^^^^^^^^^^^
    ...<5 lines>...
    )
    ^
  File "/opt/render/project/src/.venv/lib/python3.14/site-packages/telegram/_bot.py", line 990, in get_me
    result = await self._post(
             ^^^^^^^^^^^^^^^^^
    ...<6 lines>...
    )
    ^
  File "/opt/render/project/src/.venv/lib/python3.14/site-packages/telegram/_bot.py", line 704, in _post
    return await self._do_post(
           ^^^^^^^^^^^^^^^^^^^^
    ...<6 lines>...
    )
    ^
  File "/opt/render/project/src/.venv/lib/python3.14/site-packages/telegram/ext/_extbot.py", line 370, in _do_post
    return await super()._do_post(
           ^^^^^^^^^^^^^^^^^^^^^^^
    ...<6 lines>...
    )
    ^
  File "/opt/render/project/src/.venv/lib/python3.14/site-packages/telegram/_bot.py", line 733, in _do_post
    result = await request.post(
             ^^^^^^^^^^^^^^^^^^^
    ...<6 lines>...
    )
    ^
  File "/opt/render/project/src/.venv/lib/python3.14/site-packages/telegram/request/_baserequest.py", line 198, in post
    result = await self._request_wrapper(
             ^^^^^^^^^^^^^^^^^^^^^^^^^^^^
    ...<7 lines>...
    )
    ^
  File "/opt/render/project/src/.venv/lib/python3.14/site-packages/telegram/request/_baserequest.py", line 375, in _request_wrapper
    raise exception
telegram.error.InvalidToken: Unauthorized

The above exception was the direct cause of the following exception:

Traceback (most recent call last):
  File "/opt/render/project/src/data/projects/ADMIN/911cbdc5/x_auto_forward.py", line 815, in <module>
    main()
    ~~~~^^
  File "/opt/render/project/src/data/projects/ADMIN/911cbdc5/x_auto_forward.py", line 811, in main
    app.run_polling(allowed_updates=["message", "callback_query"])
    ~~~~~~~~~~~~~~~^^^^^^^^^^^^^^^^^^^^^^^^^^^^^^^^^^^^^^^^^^^^^^^
  File "/opt/render/project/src/.venv/lib/python3.14/site-packages/telegram/ext/_application.py", line 839, in run_polling
    return self.__run(
           ~~~~~~~~~~^
        updater_coroutine=self.updater.start_polling(
        ^^^^^^^^^^^^^^^^^^^^^^^^^^^^^^^^^^^^^^^^^^^^^
    ...<9 lines>...
        close_loop=close_loop,
        ^^^^^^^^^^^^^^^^^^^^^^
    )
    ^
  File "/opt/render/project/src/.venv/lib/python3.14/site-packages/telegram/ext/_application.py", line 1054, in __run
    loop.run_until_complete(self._bootstrap_initialize(max_retries=bootstrap_retries))
    ~~~~~~~~~~~~~~~~~~~~~~~^^^^^^^^^^^^^^^^^^^^^^^^^^^^^^^^^^^^^^^^^^^^^^^^^^^^^^^^^^^
  File "/opt/render/project/python/Python-3.14.3/lib/python3.14/asyncio/base_events.py", line 719, in run_until_complete
    return future.result()
           ~~~~~~~~~~~~~^^
  File "/opt/render/project/src/.venv/lib/python3.14/site-packages/telegram/ext/_application.py", line 1014, in _bootstrap_initialize
    await network_retry_loop(
    ...<4 lines>...
    )
  File "/opt/render/project/src/.venv/lib/python3.14/site-packages/telegram/ext/_utils/networkloop.py", line 161, in network_retry_loop
    await do_action()
  File "/opt/render/project/src/.venv/lib/python3.14/site-packages/telegram/ext/_utils/networkloop.py", line 136, in do_action
    await action_cb()
  File "/opt/render/project/src/.venv/lib/python3.14/site-packages/telegram/ext/_application.py", line 489, in initialize
    await self.bot.initialize()
  File "/opt/render/project/src/.venv/lib/python3.14/site-packages/telegram/ext/_extbot.py", line 316, in initialize
    await super().initialize()
  File "/opt/render/project/src/.venv/lib/python3.14/site-packages/telegram/_bot.py", line 860, in initialize
    raise InvalidToken(f"The token `{self._token}` was rejected by the server.") from exc
telegram.error.InvalidToken: The token `8966684570:AAEIuVKN_pazun6mSAMHnOKREtn3ZfcaD3c` was rejected by the server.

[WATCHDOG] Auto restart at 2026-06-06 13:13:52.651880

[HOST] Auto install checking...
[HOST] Auto install done.

[HOST] Starting x_auto_forward.py at 2026-06-06 13:13:52.891415
2026-06-06 13:13:59,591 | INFO     | XAutoForwardBot — 🚀 Starting X Auto Forward Bot…
/opt/render/project/src/data/projects/ADMIN/911cbdc5/x_auto_forward.py:749: PTBUserWarning: If 'per_message=False', 'CallbackQueryHandler' will not be tracked for every message. Read this FAQ entry to learn more about the per_* settings: https://github.com/python-telegram-bot/python-telegram-bot/wiki/Frequently-Asked-Questions#what-do-the-per_-settings-in-conversationhandler-do.
  conv = ConversationHandler(
2026-06-06 13:14:03,250 | INFO     | httpx — HTTP Request: POST https://api.telegram.org/bot8966684570:AAEIuVKN_pazun6mSAMHnOKREtn3ZfcaD3c/getMe "HTTP/1.1 401 Unauthorized"
2026-06-06 13:14:03,290 | ERROR    | telegram.ext — Network Retry Loop (Bootstrap Initialize Application): Invalid token. Aborting retry loop.
Traceback (most recent call last):
  File "/opt/render/project/src/.venv/lib/python3.14/site-packages/telegram/_bot.py", line 857, in initialize
    await self.get_me()
  File "/opt/render/project/src/.venv/lib/python3.14/site-packages/telegram/ext/_extbot.py", line 2008, in get_me
    return await super().get_me(
           ^^^^^^^^^^^^^^^^^^^^^
    ...<5 lines>...
    )
    ^
  File "/opt/render/project/src/.venv/lib/python3.14/site-packages/telegram/_bot.py", line 990, in get_me
    result = await self._post(
             ^^^^^^^^^^^^^^^^^
    ...<6 lines>...
    )
    ^
  File "/opt/render/project/src/.venv/lib/python3.14/site-packages/telegram/_bot.py", line 704, in _post
    return await self._do_post(
           ^^^^^^^^^^^^^^^^^^^^
    ...<6 lines>...
    )
    ^
  File "/opt/render/project/src/.venv/lib/python3.14/site-packages/telegram/ext/_extbot.py", line 370, in _do_post
    return await super()._do_post(
           ^^^^^^^^^^^^^^^^^^^^^^^
    ...<6 lines>...
    )
    ^
  File "/opt/render/project/src/.venv/lib/python3.14/site-packages/telegram/_bot.py", line 733, in _do_post
    result = await request.post(
             ^^^^^^^^^^^^^^^^^^^
    ...<6 lines>...
    )
    ^
  File "/opt/render/project/src/.venv/lib/python3.14/site-packages/telegram/request/_baserequest.py", line 198, in post
    result = await self._request_wrapper(
             ^^^^^^^^^^^^^^^^^^^^^^^^^^^^
    ...<7 lines>...
    )
    ^
  File "/opt/render/project/src/.venv/lib/python3.14/site-packages/telegram/request/_baserequest.py", line 375, in _request_wrapper
    raise exception
telegram.error.InvalidToken: Unauthorized

The above exception was the direct cause of the following exception:

Traceback (most recent call last):
  File "/opt/render/project/src/.venv/lib/python3.14/site-packages/telegram/ext/_utils/networkloop.py", line 161, in network_retry_loop
    await do_action()
  File "/opt/render/project/src/.venv/lib/python3.14/site-packages/telegram/ext/_utils/networkloop.py", line 136, in do_action
    await action_cb()
  File "/opt/render/project/src/.venv/lib/python3.14/site-packages/telegram/ext/_application.py", line 489, in initialize
    await self.bot.initialize()
  File "/opt/render/project/src/.venv/lib/python3.14/site-packages/telegram/ext/_extbot.py", line 316, in initialize
    await super().initialize()
  File "/opt/render/project/src/.venv/lib/python3.14/site-packages/telegram/_bot.py", line 860, in initialize
    raise InvalidToken(f"The token `{self._token}` was rejected by the server.") from exc
telegram.error.InvalidToken: The token `8966684570:AAEIuVKN_pazun6mSAMHnOKREtn3ZfcaD3c` was rejected by the server.
Traceback (most recent call last):
  File "/opt/render/project/src/.venv/lib/python3.14/site-packages/telegram/_bot.py", line 857, in initialize
    await self.get_me()
  File "/opt/render/project/src/.venv/lib/python3.14/site-packages/telegram/ext/_extbot.py", line 2008, in get_me
    return await super().get_me(
           ^^^^^^^^^^^^^^^^^^^^^
    ...<5 lines>...
    )
    ^
  File "/opt/render/project/src/.venv/lib/python3.14/site-packages/telegram/_bot.py", line 990, in get_me
    result = await self._post(
             ^^^^^^^^^^^^^^^^^
    ...<6 lines>...
    )
    ^
  File "/opt/render/project/src/.venv/lib/python3.14/site-packages/telegram/_bot.py", line 704, in _post
    return await self._do_post(
           ^^^^^^^^^^^^^^^^^^^^
    ...<6 lines>...
    )
    ^
  File "/opt/render/project/src/.venv/lib/python3.14/site-packages/telegram/ext/_extbot.py", line 370, in _do_post
    return await super()._do_post(
           ^^^^^^^^^^^^^^^^^^^^^^^
    ...<6 lines>...
    )
    ^
  File "/opt/render/project/src/.venv/lib/python3.14/site-packages/telegram/_bot.py", line 733, in _do_post
    result = await request.post(
             ^^^^^^^^^^^^^^^^^^^
    ...<6 lines>...
    )
    ^
  File "/opt/render/project/src/.venv/lib/python3.14/site-packages/telegram/request/_baserequest.py", line 198, in post
    result = await self._request_wrapper(
             ^^^^^^^^^^^^^^^^^^^^^^^^^^^^
    ...<7 lines>...
    )
    ^
  File "/opt/render/project/src/.venv/lib/python3.14/site-packages/telegram/request/_baserequest.py", line 375, in _request_wrapper
    raise exception
telegram.error.InvalidToken: Unauthorized

The above exception was the direct cause of the following exception:

Traceback (most recent call last):
  File "/opt/render/project/src/data/projects/ADMIN/911cbdc5/x_auto_forward.py", line 815, in <module>
    main()
    ~~~~^^
  File "/opt/render/project/src/data/projects/ADMIN/911cbdc5/x_auto_forward.py", line 811, in main
    app.run_polling(allowed_updates=["message", "callback_query"])
    ~~~~~~~~~~~~~~~^^^^^^^^^^^^^^^^^^^^^^^^^^^^^^^^^^^^^^^^^^^^^^^
  File "/opt/render/project/src/.venv/lib/python3.14/site-packages/telegram/ext/_application.py", line 839, in run_polling
    return self.__run(
           ~~~~~~~~~~^
        updater_coroutine=self.updater.start_polling(
        ^^^^^^^^^^^^^^^^^^^^^^^^^^^^^^^^^^^^^^^^^^^^^
    ...<9 lines>...
        close_loop=close_loop,
        ^^^^^^^^^^^^^^^^^^^^^^
    )
    ^
  File "/opt/render/project/src/.venv/lib/python3.14/site-packages/telegram/ext/_application.py", line 1054, in __run
    loop.run_until_complete(self._bootstrap_initialize(max_retries=bootstrap_retries))
    ~~~~~~~~~~~~~~~~~~~~~~~^^^^^^^^^^^^^^^^^^^^^^^^^^^^^^^^^^^^^^^^^^^^^^^^^^^^^^^^^^^
  File "/opt/render/project/python/Python-3.14.3/lib/python3.14/asyncio/base_events.py", line 719, in run_until_complete
    return future.result()
           ~~~~~~~~~~~~~^^
  File "/opt/render/project/src/.venv/lib/python3.14/site-packages/telegram/ext/_application.py", line 1014, in _bootstrap_initialize
    await network_retry_loop(
    ...<4 lines>...
    )
  File "/opt/render/project/src/.venv/lib/python3.14/site-packages/telegram/ext/_utils/networkloop.py", line 161, in network_retry_loop
    await do_action()
  File "/opt/render/project/src/.venv/lib/python3.14/site-packages/telegram/ext/_utils/networkloop.py", line 136, in do_action
    await action_cb()
  File "/opt/render/project/src/.venv/lib/python3.14/site-packages/telegram/ext/_application.py", line 489, in initialize
    await self.bot.initialize()
  File "/opt/render/project/src/.venv/lib/python3.14/site-packages/telegram/ext/_extbot.py", line 316, in initialize
    await super().initialize()
  File "/opt/render/project/src/.venv/lib/python3.14/site-packages/telegram/_bot.py", line 860, in initialize
    raise InvalidToken(f"The token `{self._token}` was rejected by the server.") from exc
telegram.error.InvalidToken: The token `8966684570:AAEIuVKN_pazun6mSAMHnOKREtn3ZfcaD3c` was rejected by the server.

[WATCHDOG] Auto restart at 2026-06-06 13:14:14.852929

[HOST] Auto install checking...
[HOST] Auto install done.

[HOST] Starting x_auto_forward.py at 2026-06-06 13:14:14.995635
2026-06-06 13:14:21,291 | INFO     | XAutoForwardBot — 🚀 Starting X Auto Forward Bot…
/opt/render/project/src/data/projects/ADMIN/911cbdc5/x_auto_forward.py:749: PTBUserWarning: If 'per_message=False', 'CallbackQueryHandler' will not be tracked for every message. Read this FAQ entry to learn more about the per_* settings: https://github.com/python-telegram-bot/python-telegram-bot/wiki/Frequently-Asked-Questions#what-do-the-per_-settings-in-conversationhandler-do.
  conv = ConversationHandler(
2026-06-06 13:14:24,449 | INFO     | httpx — HTTP Request: POST https://api.telegram.org/bot8966684570:AAEIuVKN_pazun6mSAMHnOKREtn3ZfcaD3c/getMe "HTTP/1.1 401 Unauthorized"
2026-06-06 13:14:24,489 | ERROR    | telegram.ext — Network Retry Loop (Bootstrap Initialize Application): Invalid token. Aborting retry loop.
Traceback (most recent call last):
  File "/opt/render/project/src/.venv/lib/python3.14/site-packages/telegram/_bot.py", line 857, in initialize
    await self.get_me()
  File "/opt/render/project/src/.venv/lib/python3.14/site-packages/telegram/ext/_extbot.py", line 2008, in get_me
    return await super().get_me(
           ^^^^^^^^^^^^^^^^^^^^^
    ...<5 lines>...
    )
    ^
  File "/opt/render/project/src/.venv/lib/python3.14/site-packages/telegram/_bot.py", line 990, in get_me
    result = await self._post(
             ^^^^^^^^^^^^^^^^^
    ...<6 lines>...
    )
    ^
  File "/opt/render/project/src/.venv/lib/python3.14/site-packages/telegram/_bot.py", line 704, in _post
    return await self._do_post(
           ^^^^^^^^^^^^^^^^^^^^
    ...<6 lines>...
    )
    ^
  File "/opt/render/project/src/.venv/lib/python3.14/site-packages/telegram/ext/_extbot.py", line 370, in _do_post
    return await super()._do_post(
           ^^^^^^^^^^^^^^^^^^^^^^^
    ...<6 lines>...
    )
    ^
  File "/opt/render/project/src/.venv/lib/python3.14/site-packages/telegram/_bot.py", line 733, in _do_post
    result = await request.post(
             ^^^^^^^^^^^^^^^^^^^
    ...<6 lines>...
    )
    ^
  File "/opt/render/project/src/.venv/lib/python3.14/site-packages/telegram/request/_baserequest.py", line 198, in post
    result = await self._request_wrapper(
             ^^^^^^^^^^^^^^^^^^^^^^^^^^^^
    ...<7 lines>...
    )
    ^
  File "/opt/render/project/src/.venv/lib/python3.14/site-packages/telegram/request/_baserequest.py", line 375, in _request_wrapper
    raise exception
telegram.error.InvalidToken: Unauthorized

The above exception was the direct cause of the following exception:

Traceback (most recent call last):
  File "/opt/render/project/src/.venv/lib/python3.14/site-packages/telegram/ext/_utils/networkloop.py", line 161, in network_retry_loop
    await do_action()
  File "/opt/render/project/src/.venv/lib/python3.14/site-packages/telegram/ext/_utils/networkloop.py", line 136, in do_action
    await action_cb()
  File "/opt/render/project/src/.venv/lib/python3.14/site-packages/telegram/ext/_application.py", line 489, in initialize
    await self.bot.initialize()
  File "/opt/render/project/src/.venv/lib/python3.14/site-packages/telegram/ext/_extbot.py", line 316, in initialize
    await super().initialize()
  File "/opt/render/project/src/.venv/lib/python3.14/site-packages/telegram/_bot.py", line 860, in initialize
    raise InvalidToken(f"The token `{self._token}` was rejected by the server.") from exc
telegram.error.InvalidToken: The token `8966684570:AAEIuVKN_pazun6mSAMHnOKREtn3ZfcaD3c` was rejected by the server.
Traceback (most recent call last):
  File "/opt/render/project/src/.venv/lib/python3.14/site-packages/telegram/_bot.py", line 857, in initialize
    await self.get_me()
  File "/opt/render/project/src/.venv/lib/python3.14/site-packages/telegram/ext/_extbot.py", line 2008, in get_me
    return await super().get_me(
           ^^^^^^^^^^^^^^^^^^^^^
    ...<5 lines>...
    )
    ^
  File "/opt/render/project/src/.venv/lib/python3.14/site-packages/telegram/_bot.py", line 990, in get_me
    result = await self._post(
             ^^^^^^^^^^^^^^^^^
    ...<6 lines>...
    )
    ^
  File "/opt/render/project/src/.venv/lib/python3.14/site-packages/telegram/_bot.py", line 704, in _post
    return await self._do_post(
           ^^^^^^^^^^^^^^^^^^^^
    ...<6 lines>...
    )
    ^
  File "/opt/render/project/src/.venv/lib/python3.14/site-packages/telegram/ext/_extbot.py", line 370, in _do_post
    return await super()._do_post(
           ^^^^^^^^^^^^^^^^^^^^^^^
    ...<6 lines>...
    )
    ^
  File "/opt/render/project/src/.venv/lib/python3.14/site-packages/telegram/_bot.py", line 733, in _do_post
    result = await request.post(
             ^^^^^^^^^^^^^^^^^^^
    ...<6 lines>...
    )
    ^
  File "/opt/render/project/src/.venv/lib/python3.14/site-packages/telegram/request/_baserequest.py", line 198, in post
    result = await self._request_wrapper(
             ^^^^^^^^^^^^^^^^^^^^^^^^^^^^
    ...<7 lines>...
    )
    ^
  File "/opt/render/project/src/.venv/lib/python3.14/site-packages/telegram/request/_baserequest.py", line 375, in _request_wrapper
    raise exception
telegram.error.InvalidToken: Unauthorized

The above exception was the direct cause of the following exception:

Traceback (most recent call last):
  File "/opt/render/project/src/data/projects/ADMIN/911cbdc5/x_auto_forward.py", line 815, in <module>
    main()
    ~~~~^^
  File "/opt/render/project/src/data/projects/ADMIN/911cbdc5/x_auto_forward.py", line 811, in main
    app.run_polling(allowed_updates=["message", "callback_query"])
    ~~~~~~~~~~~~~~~^^^^^^^^^^^^^^^^^^^^^^^^^^^^^^^^^^^^^^^^^^^^^^^
  File "/opt/render/project/src/.venv/lib/python3.14/site-packages/telegram/ext/_application.py", line 839, in run_polling
    return self.__run(
           ~~~~~~~~~~^
        updater_coroutine=self.updater.start_polling(
        ^^^^^^^^^^^^^^^^^^^^^^^^^^^^^^^^^^^^^^^^^^^^^
    ...<9 lines>...
        close_loop=close_loop,
        ^^^^^^^^^^^^^^^^^^^^^^
    )
    ^
  File "/opt/render/project/src/.venv/lib/python3.14/site-packages/telegram/ext/_application.py", line 1054, in __run
    loop.run_until_complete(self._bootstrap_initialize(max_retries=bootstrap_retries))
    ~~~~~~~~~~~~~~~~~~~~~~~^^^^^^^^^^^^^^^^^^^^^^^^^^^^^^^^^^^^^^^^^^^^^^^^^^^^^^^^^^^
  File "/opt/render/project/python/Python-3.14.3/lib/python3.14/asyncio/base_events.py", line 719, in run_until_complete
    return future.result()
           ~~~~~~~~~~~~~^^
  File "/opt/render/project/src/.venv/lib/python3.14/site-packages/telegram/ext/_application.py", line 1014, in _bootstrap_initialize
    await network_retry_loop(
    ...<4 lines>...
    )
  File "/opt/render/project/src/.venv/lib/python3.14/site-packages/telegram/ext/_utils/networkloop.py", line 161, in network_retry_loop
    await do_action()
  File "/opt/render/project/src/.venv/lib/python3.14/site-packages/telegram/ext/_utils/networkloop.py", line 136, in do_action
    await action_cb()
  File "/opt/render/project/src/.venv/lib/python3.14/site-packages/telegram/ext/_application.py", line 489, in initialize
    await self.bot.initialize()
  File "/opt/render/project/src/.venv/lib/python3.14/site-packages/telegram/ext/_extbot.py", line 316, in initialize
    await super().initialize()
  File "/opt/render/project/src/.venv/lib/python3.14/site-packages/telegram/_bot.py", line 860, in initialize
    raise InvalidToken(f"The token `{self._token}` was rejected by the server.") from exc
telegram.error.InvalidToken: The token `8966684570:AAEIuVKN_pazun6mSAMHnOKREtn3ZfcaD3c` was rejected by the server.

[WATCHDOG] Auto restart at 2026-06-06 13:14:36.747469

[HOST] Auto install checking...
[HOST] Auto install done.

[HOST] Starting x_auto_forward.py at 2026-06-06 13:14:36.991514
2026-06-06 13:14:44,295 | INFO     | XAutoForwardBot — 🚀 Starting X Auto Forward Bot…
/opt/render/project/src/data/projects/ADMIN/911cbdc5/x_auto_forward.py:749: PTBUserWarning: If 'per_message=False', 'CallbackQueryHandler' will not be tracked for every message. Read this FAQ entry to learn more about the per_* settings: https://github.com/python-telegram-bot/python-telegram-bot/wiki/Frequently-Asked-Questions#what-do-the-per_-settings-in-conversationhandler-do.
  conv = ConversationHandler(
2026-06-06 13:14:47,550 | INFO     | httpx — HTTP Request: POST https://api.telegram.org/bot8966684570:AAEIuVKN_pazun6mSAMHnOKREtn3ZfcaD3c/getMe "HTTP/1.1 401 Unauthorized"
2026-06-06 13:14:47,593 | ERROR    | telegram.ext — Network Retry Loop (Bootstrap Initialize Application): Invalid token. Aborting retry loop.
Traceback (most recent call last):
  File "/opt/render/project/src/.venv/lib/python3.14/site-packages/telegram/_bot.py", line 857, in initialize
    await self.get_me()
  File "/opt/render/project/src/.venv/lib/python3.14/site-packages/telegram/ext/_extbot.py", line 2008, in get_me
    return await super().get_me(
           ^^^^^^^^^^^^^^^^^^^^^
    ...<5 lines>...
    )
    ^
  File "/opt/render/project/src/.venv/lib/python3.14/site-packages/telegram/_bot.py", line 990, in get_me
    result = await self._post(
             ^^^^^^^^^^^^^^^^^
    ...<6 lines>...
    )
    ^
  File "/opt/render/project/src/.venv/lib/python3.14/site-packages/telegram/_bot.py", line 704, in _post
    return await self._do_post(
           ^^^^^^^^^^^^^^^^^^^^
    ...<6 lines>...
    )
    ^
  File "/opt/render/project/src/.venv/lib/python3.14/site-packages/telegram/ext/_extbot.py", line 370, in _do_post
    return await super()._do_post(
           ^^^^^^^^^^^^^^^^^^^^^^^
    ...<6 lines>...
    )
    ^
  File "/opt/render/project/src/.venv/lib/python3.14/site-packages/telegram/_bot.py", line 733, in _do_post
    result = await request.post(
             ^^^^^^^^^^^^^^^^^^^
    ...<6 lines>...
    )
    ^
  File "/opt/render/project/src/.venv/lib/python3.14/site-packages/telegram/request/_baserequest.py", line 198, in post
    result = await self._request_wrapper(
             ^^^^^^^^^^^^^^^^^^^^^^^^^^^^
    ...<7 lines>...
    )
    ^
  File "/opt/render/project/src/.venv/lib/python3.14/site-packages/telegram/request/_baserequest.py", line 375, in _request_wrapper
    raise exception
telegram.error.InvalidToken: Unauthorized

The above exception was the direct cause of the following exception:

Traceback (most recent call last):
  File "/opt/render/project/src/.venv/lib/python3.14/site-packages/telegram/ext/_utils/networkloop.py", line 161, in network_retry_loop
    await do_action()
  File "/opt/render/project/src/.venv/lib/python3.14/site-packages/telegram/ext/_utils/networkloop.py", line 136, in do_action
    await action_cb()
  File "/opt/render/project/src/.venv/lib/python3.14/site-packages/telegram/ext/_application.py", line 489, in initialize
    await self.bot.initialize()
  File "/opt/render/project/src/.venv/lib/python3.14/site-packages/telegram/ext/_extbot.py", line 316, in initialize
    await super().initialize()
  File "/opt/render/project/src/.venv/lib/python3.14/site-packages/telegram/_bot.py", line 860, in initialize
    raise InvalidToken(f"The token `{self._token}` was rejected by the server.") from exc
telegram.error.InvalidToken: The token `8966684570:AAEIuVKN_pazun6mSAMHnOKREtn3ZfcaD3c` was rejected by the server.
Traceback (most recent call last):
  File "/opt/render/project/src/.venv/lib/python3.14/site-packages/telegram/_bot.py", line 857, in initialize
    await self.get_me()
  File "/opt/render/project/src/.venv/lib/python3.14/site-packages/telegram/ext/_extbot.py", line 2008, in get_me
    return await super().get_me(
           ^^^^^^^^^^^^^^^^^^^^^
    ...<5 lines>...
    )
    ^
  File "/opt/render/project/src/.venv/lib/python3.14/site-packages/telegram/_bot.py", line 990, in get_me
    result = await self._post(
             ^^^^^^^^^^^^^^^^^
    ...<6 lines>...
    )
    ^
  File "/opt/render/project/src/.venv/lib/python3.14/site-packages/telegram/_bot.py", line 704, in _post
    return await self._do_post(
           ^^^^^^^^^^^^^^^^^^^^
    ...<6 lines>...
    )
    ^
  File "/opt/render/project/src/.venv/lib/python3.14/site-packages/telegram/ext/_extbot.py", line 370, in _do_post
    return await super()._do_post(
           ^^^^^^^^^^^^^^^^^^^^^^^
    ...<6 lines>...
    )
    ^
  File "/opt/render/project/src/.venv/lib/python3.14/site-packages/telegram/_bot.py", line 733, in _do_post
    result = await request.post(
             ^^^^^^^^^^^^^^^^^^^
    ...<6 lines>...
    )
    ^
  File "/opt/render/project/src/.venv/lib/python3.14/site-packages/telegram/request/_baserequest.py", line 198, in post
    result = await self._request_wrapper(
             ^^^^^^^^^^^^^^^^^^^^^^^^^^^^
    ...<7 lines>...
    )
    ^
  File "/opt/render/project/src/.venv/lib/python3.14/site-packages/telegram/request/_baserequest.py", line 375, in _request_wrapper
    raise exception
telegram.error.InvalidToken: Unauthorized

The above exception was the direct cause of the following exception:

Traceback (most recent call last):
  File "/opt/render/project/src/data/projects/ADMIN/911cbdc5/x_auto_forward.py", line 815, in <module>
    main()
    ~~~~^^
  File "/opt/render/project/src/data/projects/ADMIN/911cbdc5/x_auto_forward.py", line 811, in main
    app.run_polling(allowed_updates=["message", "callback_query"])
    ~~~~~~~~~~~~~~~^^^^^^^^^^^^^^^^^^^^^^^^^^^^^^^^^^^^^^^^^^^^^^^
  File "/opt/render/project/src/.venv/lib/python3.14/site-packages/telegram/ext/_application.py", line 839, in run_polling
    return self.__run(
           ~~~~~~~~~~^
        updater_coroutine=self.updater.start_polling(
        ^^^^^^^^^^^^^^^^^^^^^^^^^^^^^^^^^^^^^^^^^^^^^
    ...<9 lines>...
        close_loop=close_loop,
        ^^^^^^^^^^^^^^^^^^^^^^
    )
    ^
  File "/opt/render/project/src/.venv/lib/python3.14/site-packages/telegram/ext/_application.py", line 1054, in __run
    loop.run_until_complete(self._bootstrap_initialize(max_retries=bootstrap_retries))
    ~~~~~~~~~~~~~~~~~~~~~~~^^^^^^^^^^^^^^^^^^^^^^^^^^^^^^^^^^^^^^^^^^^^^^^^^^^^^^^^^^^
  File "/opt/render/project/python/Python-3.14.3/lib/python3.14/asyncio/base_events.py", line 719, in run_until_complete
    return future.result()
           ~~~~~~~~~~~~~^^
  File "/opt/render/project/src/.venv/lib/python3.14/site-packages/telegram/ext/_application.py", line 1014, in _bootstrap_initialize
    await network_retry_loop(
    ...<4 lines>...
    )
  File "/opt/render/project/src/.venv/lib/python3.14/site-packages/telegram/ext/_utils/networkloop.py", line 161, in network_retry_loop
    await do_action()
  File "/opt/render/project/src/.venv/lib/python3.14/site-packages/telegram/ext/_utils/networkloop.py", line 136, in do_action
    await action_cb()
  File "/opt/render/project/src/.venv/lib/python3.14/site-packages/telegram/ext/_application.py", line 489, in initialize
    await self.bot.initialize()
  File "/opt/render/project/src/.venv/lib/python3.14/site-packages/telegram/ext/_extbot.py", line 316, in initialize
    await super().initialize()
  File "/opt/render/project/src/.venv/lib/python3.14/site-packages/telegram/_bot.py", line 860, in initialize
    raise InvalidToken(f"The token `{self._token}` was rejected by the server.") from exc
telegram.error.InvalidToken: The token `8966684570:AAEIuVKN_pazun6mSAMHnOKREtn3ZfcaD3c` was rejected by the server.

[WATCHDOG] Auto restart at 2026-06-06 13:14:58.690732

[HOST] Auto install checking...
[HOST] Auto install done.

[HOST] Starting x_auto_forward.py at 2026-06-06 13:14:58.794602
2026-06-06 13:15:05,392 | INFO     | XAutoForwardBot — 🚀 Starting X Auto Forward Bot…
/opt/render/project/src/data/projects/ADMIN/911cbdc5/x_auto_forward.py:749: PTBUserWarning: If 'per_message=False', 'CallbackQueryHandler' will not be tracked for every message. Read this FAQ entry to learn more about the per_* settings: https://github.com/python-telegram-bot/python-telegram-bot/wiki/Frequently-Asked-Questions#what-do-the-per_-settings-in-conversationhandler-do.
  conv = ConversationHandler(
2026-06-06 13:15:08,555 | INFO     | httpx — HTTP Request: POST https://api.telegram.org/bot8966684570:AAEIuVKN_pazun6mSAMHnOKREtn3ZfcaD3c/getMe "HTTP/1.1 401 Unauthorized"
2026-06-06 13:15:08,590 | ERROR    | telegram.ext — Network Retry Loop (Bootstrap Initialize Application): Invalid token. Aborting retry loop.
Traceback (most recent call last):
  File "/opt/render/project/src/.venv/lib/python3.14/site-packages/telegram/_bot.py", line 857, in initialize
    await self.get_me()
  File "/opt/render/project/src/.venv/lib/python3.14/site-packages/telegram/ext/_extbot.py", line 2008, in get_me
    return await super().get_me(
           ^^^^^^^^^^^^^^^^^^^^^
    ...<5 lines>...
    )
    ^
  File "/opt/render/project/src/.venv/lib/python3.14/site-packages/telegram/_bot.py", line 990, in get_me
    result = await self._post(
             ^^^^^^^^^^^^^^^^^
    ...<6 lines>...
    )
    ^
  File "/opt/render/project/src/.venv/lib/python3.14/site-packages/telegram/_bot.py", line 704, in _post
    return await self._do_post(
           ^^^^^^^^^^^^^^^^^^^^
    ...<6 lines>...
    )
    ^
  File "/opt/render/project/src/.venv/lib/python3.14/site-packages/telegram/ext/_extbot.py", line 370, in _do_post
    return await super()._do_post(
           ^^^^^^^^^^^^^^^^^^^^^^^
    ...<6 lines>...
    )
    ^
  File "/opt/render/project/src/.venv/lib/python3.14/site-packages/telegram/_bot.py", line 733, in _do_post
    result = await request.post(
             ^^^^^^^^^^^^^^^^^^^
    ...<6 lines>...
    )
    ^
  File "/opt/render/project/src/.venv/lib/python3.14/site-packages/telegram/request/_baserequest.py", line 198, in post
    result = await self._request_wrapper(
             ^^^^^^^^^^^^^^^^^^^^^^^^^^^^
    ...<7 lines>...
    )
    ^
  File "/opt/render/project/src/.venv/lib/python3.14/site-packages/telegram/request/_baserequest.py", line 375, in _request_wrapper
    raise exception
telegram.error.InvalidToken: Unauthorized

The above exception was the direct cause of the following exception:

Traceback (most recent call last):
  File "/opt/render/project/src/.venv/lib/python3.14/site-packages/telegram/ext/_utils/networkloop.py", line 161, in network_retry_loop
    await do_action()
  File "/opt/render/project/src/.venv/lib/python3.14/site-packages/telegram/ext/_utils/networkloop.py", line 136, in do_action
    await action_cb()
  File "/opt/render/project/src/.venv/lib/python3.14/site-packages/telegram/ext/_application.py", line 489, in initialize
    await self.bot.initialize()
  File "/opt/render/project/src/.venv/lib/python3.14/site-packages/telegram/ext/_extbot.py", line 316, in initialize
    await super().initialize()
  File "/opt/render/project/src/.venv/lib/python3.14/site-packages/telegram/_bot.py", line 860, in initialize
    raise InvalidToken(f"The token `{self._token}` was rejected by the server.") from exc
telegram.error.InvalidToken: The token `8966684570:AAEIuVKN_pazun6mSAMHnOKREtn3ZfcaD3c` was rejected by the server.
Traceback (most recent call last):
  File "/opt/render/project/src/.venv/lib/python3.14/site-packages/telegram/_bot.py", line 857, in initialize
    await self.get_me()
  File "/opt/render/project/src/.venv/lib/python3.14/site-packages/telegram/ext/_extbot.py", line 2008, in get_me
    return await super().get_me(
           ^^^^^^^^^^^^^^^^^^^^^
    ...<5 lines>...
    )
    ^
  File "/opt/render/project/src/.venv/lib/python3.14/site-packages/telegram/_bot.py", line 990, in get_me
    result = await self._post(
             ^^^^^^^^^^^^^^^^^
    ...<6 lines>...
    )
    ^
  File "/opt/render/project/src/.venv/lib/python3.14/site-packages/telegram/_bot.py", line 704, in _post
    return await self._do_post(
           ^^^^^^^^^^^^^^^^^^^^
    ...<6 lines>...
    )
    ^
  File "/opt/render/project/src/.venv/lib/python3.14/site-packages/telegram/ext/_extbot.py", line 370, in _do_post
    return await super()._do_post(
           ^^^^^^^^^^^^^^^^^^^^^^^
    ...<6 lines>...
    )
    ^
  File "/opt/render/project/src/.venv/lib/python3.14/site-packages/telegram/_bot.py", line 733, in _do_post
    result = await request.post(
             ^^^^^^^^^^^^^^^^^^^
    ...<6 lines>...
    )
    ^
  File "/opt/render/project/src/.venv/lib/python3.14/site-packages/telegram/request/_baserequest.py", line 198, in post
    result = await self._request_wrapper(
             ^^^^^^^^^^^^^^^^^^^^^^^^^^^^
    ...<7 lines>...
    )
    ^
  File "/opt/render/project/src/.venv/lib/python3.14/site-packages/telegram/request/_baserequest.py", line 375, in _request_wrapper
    raise exception
telegram.error.InvalidToken: Unauthorized

The above exception was the direct cause of the following exception:

Traceback (most recent call last):
  File "/opt/render/project/src/data/projects/ADMIN/911cbdc5/x_auto_forward.py", line 815, in <module>
    main()
    ~~~~^^
  File "/opt/render/project/src/data/projects/ADMIN/911cbdc5/x_auto_forward.py", line 811, in main
    app.run_polling(allowed_updates=["message", "callback_query"])
    ~~~~~~~~~~~~~~~^^^^^^^^^^^^^^^^^^^^^^^^^^^^^^^^^^^^^^^^^^^^^^^
  File "/opt/render/project/src/.venv/lib/python3.14/site-packages/telegram/ext/_application.py", line 839, in run_polling
    return self.__run(
           ~~~~~~~~~~^
        updater_coroutine=self.updater.start_polling(
        ^^^^^^^^^^^^^^^^^^^^^^^^^^^^^^^^^^^^^^^^^^^^^
    ...<9 lines>...
        close_loop=close_loop,
        ^^^^^^^^^^^^^^^^^^^^^^
    )
    ^
  File "/opt/render/project/src/.venv/lib/python3.14/site-packages/telegram/ext/_application.py", line 1054, in __run
    loop.run_until_complete(self._bootstrap_initialize(max_retries=bootstrap_retries))
    ~~~~~~~~~~~~~~~~~~~~~~~^^^^^^^^^^^^^^^^^^^^^^^^^^^^^^^^^^^^^^^^^^^^^^^^^^^^^^^^^^^
  File "/opt/render/project/python/Python-3.14.3/lib/python3.14/asyncio/base_events.py", line 719, in run_until_complete
    return future.result()
           ~~~~~~~~~~~~~^^
  File "/opt/render/project/src/.venv/lib/python3.14/site-packages/telegram/ext/_application.py", line 1014, in _bootstrap_initialize
    await network_retry_loop(
    ...<4 lines>...
    )
  File "/opt/render/project/src/.venv/lib/python3.14/site-packages/telegram/ext/_utils/networkloop.py", line 161, in network_retry_loop
    await do_action()
  File "/opt/render/project/src/.venv/lib/python3.14/site-packages/telegram/ext/_utils/networkloop.py", line 136, in do_action
    await action_cb()
  File "/opt/render/project/src/.venv/lib/python3.14/site-packages/telegram/ext/_application.py", line 489, in initialize
    await self.bot.initialize()
  File "/opt/render/project/src/.venv/lib/python3.14/site-packages/telegram/ext/_extbot.py", line 316, in initialize
    await super().initialize()
  File "/opt/render/project/src/.venv/lib/python3.14/site-packages/telegram/_bot.py", line 860, in initialize
    raise InvalidToken(f"The token `{self._token}` was rejected by the server.") from exc
telegram.error.InvalidToken: The token `8966684570:AAEIuVKN_pazun6mSAMHnOKREtn3ZfcaD3c` was rejected by the server.
